AccusedMasterID,CaseMasterID,AccusedName,AgeYear,GenderID,PersonID,RepeatOffender,GangID,Phone
1,22,Zansi Sachdev,66,1,A2,True,GANG-528,+913099522165
2,631,Gautam Sengupta,44,1,A5,True,GANG-342,02095344284
3,136,Timothy Korpal,45,1,A4,False,,9529597555
4,144,Ayaan Bail,27,2,A5,False,,03065169733
5,503,Arin Chadha,42,2,A5,False,,08119396995
6,593,Nathaniel Srivastava,44,2,A5,False,,06433538311
7,238,William Ramakrishnan,27,2,A2,False,,+910485470092
8,790,Niharika Batta,42,1,A1,False,,03584208326
9,914,Abha Kurian,67,2,A2,False,,+919831695273
10,211,Niharika Radhakrishnan,54,1,A5,False,,5436959083
11,372,Devansh Yohannan,20,2,A5,True,GANG-467,+914405147213
12,561,Nidra Kashyap,37,1,A1,False,,02884392685
13,697,Nitara Sen,55,2,A2,False,,+910602811843
14,352,Ladli Bhatt,38,1,A5,False,,1334557822
15,7,Vasudha Parikh,50,1,A5,False,,+915252032305
16,307,Chanchal Baral,32,2,A3,False,,9959973278
17,70,Anthony Roy,21,1,A5,False,,+918514159009
18,152,Pushti Shah,23,2,A3,False,,00867793148
19,619,Yauvani Boase,28,1,A4,False,,+912715716272
20,465,Vinaya Padmanabhan,28,2,A2,False,,1488177676
21,302,Gauri Baral,48,2,A5,False,,05030320270
22,418,Aditya Rege,36,2,A2,False,,+919111500181
23,385,Qushi Rai,19,2,A1,False,,1616107158
24,14,Ekalinga Palla,31,2,A1,False,,8947379831
25,648,Quincy Garde,61,1,A1,False,,+915484103197
26,133,Kai Keer,23,2,A5,False,,00430251057
27,592,Nimrat Deshpande,57,2,A3,True,GANG-876,03931864769
28,269,Tarak Prasad,70,2,A1,False,,5192927686
29,632,Yash Narayanan,21,2,A5,False,,+915533243773
30,1,Nisha Mammen,58,1,A5,False,,03398703234
31,227,Krish Master,55,1,A2,False,,3243195610
32,347,Libni D’Alia,67,1,A3,False,,03933496640
33,946,Yuvraj Gara,49,2,A2,False,,+919980365105
34,121,Baljiwan Ramachandran,26,1,A2,False,,6662121768
35,513,Ridhi Ahluwalia,34,1,A3,False,,+918031735727
36,548,Raksha Natarajan,64,2,A5,True,GANG-547,+919213262411
37,942,Saanvi Wable,27,2,A4,False,,+915843660348
38,828,Chatresh Patil,58,2,A4,True,GANG-229,08990344028
39,345,Aashi Rajan,46,2,A2,False,,2271470738
40,770,Bhavini Nair,63,2,A1,False,,00496624363
41,903,Farhan Kulkarni,33,2,A4,False,,02294093889
42,482,Megha Deol,56,2,A2,True,GANG-155,07608230717
43,532,Turvi Chand,35,2,A3,True,GANG-312,+912972308004
44,968,Praneel Gulati,22,1,A1,False,,4723327370
45,196,Zayan Bir,61,2,A2,False,,08258611621
46,30,Fiyaz Hari,38,2,A3,False,,04995287552
47,355,Robert Devan,19,2,A3,False,,7641839490
48,790,Eiravati Pandey,29,2,A5,False,,8772776807
49,250,Pooja Kuruvilla,61,2,A5,False,,4643100907
50,389,Neha Agarwal,63,2,A2,False,,+915063019813
51,962,Raagini Comar,21,1,A3,False,,09605765044
52,342,Hitesh Tak,34,1,A4,False,,+912984414529
53,466,Samesh Sampath,25,1,A2,False,,06173752786
54,927,William Sampath,68,2,A4,True,GANG-941,+919792887970
55,105,Chasmum Pandya,19,2,A2,False,,08495817283
56,595,Nirja Ratti,42,2,A5,False,,+917286074139
57,117,Rohan Dixit,39,2,A2,False,,2166620776
58,129,Lajita Wason,67,2,A2,False,,+914431298486
59,36,Dev Chauhan,45,2,A4,True,GANG-270,+912673558758
60,122,Anirudh Radhakrishnan,70,2,A1,False,,+911600770237
61,213,Viraj Comar,30,1,A1,False,,+913670552530
62,459,Aarini Koshy,70,1,A5,False,,+911281380835
63,182,Lipika Shroff,55,1,A4,False,,1140077135
64,1000,Naksh Walia,43,1,A4,True,GANG-558,08207682945
65,944,Isaac Pillai,60,2,A3,True,GANG-312,0462705044
66,254,Naveen Deshpande,25,2,A5,False,,6441723875
67,623,Nicholas Arya,56,1,A2,True,GANG-535,+917697815068
68,814,Arya Mani,61,1,A3,False,,9128065769
69,505,Balendra Dave,55,1,A3,False,,01268381287
70,602,Bhavani Dugar,59,2,A3,False,,01896185989
71,830,Aadi Sekhon,27,1,A3,False,,2315794918
72,929,Abeer Mutti,41,1,A2,False,,4478829944
73,764,Amol Prakash,18,2,A2,False,,+918761054037
74,140,Forum Bakshi,70,2,A1,False,,0960239284
75,254,Christopher Yogi,29,1,A2,False,,05767214386
76,256,Udarsh Shroff,53,1,A3,False,,+910055467178
77,905,Aarnav Raj,61,1,A4,False,,7144505440
78,818,Dakshesh Nazareth,18,1,A2,True,GANG-843,2556848028
79,137,Osha Dara,66,2,A5,True,GANG-535,0503789736
80,516,Peter Dhingra,58,1,A1,True,GANG-941,6575011371
81,52,Azaan Pingle,49,2,A1,False,,7986947816
82,120,Jeevika Sachdeva,47,1,A5,False,,0067249609
83,693,Samar Pradhan,51,2,A2,False,,7752833425
84,491,Charan Ghosh,44,2,A3,False,,+915481483290
85,283,Lajita Bail,61,1,A1,True,GANG-155,+910872045010
86,442,Thomas Rajan,41,1,A2,False,,8314793018
87,365,Oliver Sane,43,1,A5,False,,09462996898
88,460,Krishna Bakshi,46,2,A4,False,,+918038397109
89,715,Azaan Varkey,36,1,A3,False,,07138818912
90,403,Avni Raman,38,1,A1,True,GANG-547,+910129205630
91,968,Zashil Grewal,32,2,A1,False,,06848423697
92,368,David Lalla,25,1,A5,True,GANG-160,+914405433908
93,202,Ronith Ramachandran,47,1,A2,True,GANG-942,09045582592
94,84,Rachana Devan,47,1,A5,True,GANG-662,+917073712910
95,684,Azaan Varma,50,2,A1,False,,02462498414
96,334,Darsh Sahni,43,2,A2,False,,+912962785354
97,511,Triveni Dhar,39,2,A2,False,,4699493257
98,753,Chasmum Mammen,48,2,A5,False,,05855571488
99,610,Turvi Borah,55,2,A4,False,,3112056811
100,826,Ira Bhatnagar,58,2,A5,False,,+912485196974
101,271,Max Bhatnagar,32,2,A2,True,GANG-366,+912879775885
102,372,Indira Iyer,29,1,A3,True,GANG-856,1363038763
103,186,Shivansh Rau,59,1,A1,True,GANG-312,+918318331389
104,352,Advaith Chopra,49,2,A3,False,,06465918770
105,577,Zinal Peri,60,1,A2,False,,+911058428921
106,123,Nimrat Tandon,56,2,A4,False,,08979132791
107,765,Tanvi Randhawa,63,2,A5,False,,+919566927254
108,719,Gaurang Sha,49,1,A3,False,,+917217064897
109,92,Tanvi Oza,30,2,A3,False,,5407185780
110,248,Rachit Krishna,25,2,A1,False,,+912745532611
111,425,Diya Bora,43,1,A2,False,,0097655382
112,25,Vamakshi Krishna,38,1,A5,True,GANG-160,0675097127
113,33,Mahika Ravel,22,1,A2,False,,6302252855
114,429,Barkha Korpal,55,2,A4,False,,04885592859
115,287,Rajata Baria,28,1,A4,False,,+914588416420
116,654,Inaya Hayer,59,1,A1,False,,+918748214789
117,858,Abha Vohra,25,1,A1,False,,+919330826019
118,367,Ekantika Gulati,45,1,A4,True,GANG-558,+910216999347
119,166,Bhanumati Chakrabarti,56,1,A4,False,,+918227788315
120,17,Omaja Rao,57,1,A4,True,GANG-101,00144215076
121,985,Agastya Borra,52,1,A3,False,,2280940211
122,231,Mahika Agarwal,36,1,A1,False,,+917124400286
123,142,Inaya Chandra,50,2,A2,False,,+916011884537
124,182,Xalak Chaudhary,21,2,A2,False,,+916953814976
125,100,Daksh Aurora,64,2,A2,False,,+910629735935
126,135,Vasana Tripathi,56,2,A5,False,,2336463740
127,167,Lajita Sachdev,59,1,A2,False,,2729189468
128,34,Yatan Om,45,1,A1,True,GANG-270,+914513412992
129,763,Bhavani Jhaveri,56,2,A4,False,,9152041327
130,42,Raagini Toor,48,1,A5,True,GANG-403,9333070140
131,906,Bahadurjit Tella,28,1,A1,False,,04955197601
132,31,Harini Kata,34,1,A4,True,GANG-403,9986528919
133,326,Vrishti Dewan,31,1,A3,False,,7536671429
134,834,Lucky Sha,63,2,A1,False,,1014030488
135,331,Warjas Mani,35,2,A5,False,,9415931643
136,269,Chakrika Palla,48,1,A1,True,GANG-230,07693734305
137,808,Ojasvi Desai,27,2,A3,False,,09360819761
138,912,Indali Jani,59,1,A5,False,,+911146743634
139,718,Aryan Ramakrishnan,50,1,A4,False,,06386093409
140,605,William Devi,67,1,A3,False,,02962297263
141,938,Nidhi Tailor,55,2,A2,False,,05667489700
142,425,Ronith Kaur,23,1,A4,False,,04419379569
143,529,Gopal Dyal,62,2,A1,False,,+910734821459
144,237,Dominic Swamy,41,2,A5,True,GANG-348,+919135933762
145,924,Patrick Kunda,55,1,A2,False,,+918132432270
146,948,Unnati Rana,51,1,A5,False,,+918642494339
147,159,Chakrika Vig,60,1,A1,False,,+915613426919
148,563,Rudra Rao,60,2,A2,False,,3066737116
149,469,Nirja Shan,59,1,A3,False,,+914586526109
150,604,Ethan Sant,65,1,A2,False,,08859883212
151,996,Zehaan Bhakta,46,2,A5,False,,6317067929
152,696,Amrita Nori,33,2,A2,True,GANG-372,5341528913
153,391,Kevin Sarna,53,1,A5,False,,4747753999
154,753,Harrison Sarin,60,2,A3,False,,+914929917913
155,670,Ranbir Viswanathan,47,1,A5,False,,5595890489
156,598,Brinda Sha,68,2,A4,False,,01738478911
157,188,Agastya Bhavsar,52,1,A2,False,,7298623084
158,938,Jatin Narayan,50,2,A2,False,,1712526817
159,510,Veda Ramaswamy,54,2,A5,False,,7773553495
160,375,Ayaan Chauhan,66,2,A4,False,,7671270164
161,178,Dev Wagle,22,1,A5,False,,03847976133
162,336,Adya Walia,59,2,A2,True,GANG-342,+915798920542
163,330,Tanmayi Sethi,53,1,A5,False,,+913383472424
164,178,Orinder Balasubramanian,34,2,A1,False,,7599408645
165,589,Zansi Chauhan,26,1,A4,False,,4398186783
166,605,Henry Malhotra,23,2,A2,True,GANG-270,+917680572813
167,854,Mitali Ramaswamy,37,2,A4,False,,9054658726
168,533,Bhavini Ghose,60,1,A2,False,,01048801416
169,617,Tanvi Mital,62,1,A5,False,,05686040625
170,905,Fariq Bail,34,1,A3,False,,0286578003
171,480,Hema Krishnan,35,1,A5,False,,6133722668
172,60,Nikita Krishna,33,1,A4,True,GANG-230,+913912500580
173,482,Aashi Kashyap,31,1,A2,False,,5934773499
174,182,Ekaraj Sur,52,2,A2,False,,8747573057
175,521,Ekavir Bhagat,43,1,A5,True,GANG-466,04601085289
176,382,Samar Oommen,28,1,A5,False,,3778195283
177,276,Janya Mangal,38,1,A3,False,,09670067098
178,562,Triya Oak,69,1,A4,False,,07769548368
179,425,Vedika Sehgal,31,1,A2,True,GANG-859,+915837442689
180,52,Warda Lall,70,2,A4,False,,2260510036
181,999,Rudra Cherian,51,2,A3,False,,07057001819
182,651,Zilmil Rao,53,1,A4,False,,6512816534
183,738,Sanaya Sandhu,40,2,A3,False,,02120886851
184,587,Ishaan Rana,64,2,A3,False,,03511851715
185,296,Peter Naidu,44,2,A3,False,,04790293882
186,20,Anika Nayar,58,2,A4,False,,00024052636
187,196,Hemani Halder,36,2,A5,False,,09012308544
188,68,Abdul Seshadri,42,2,A3,True,GANG-545,6038145640
189,906,Jasmit Kala,60,2,A3,False,,+918920382620
190,124,Aryan Dara,22,2,A1,False,,+915227877488
191,461,Thomas Seth,48,1,A3,False,,+918581106423
192,91,Anmol Batta,52,1,A2,False,,+918272057633
193,476,Yauvani Desai,52,1,A1,False,,+910141748104
194,192,Gayathri Goyal,59,2,A3,False,,0180553534
195,586,Pratyush Gala,21,2,A3,False,,01292253140
196,827,Amara Lal,54,1,A5,True,GANG-812,+919969240637
197,66,Geetika Bhat,24,2,A3,True,GANG-535,+912372405862
198,174,Kritika Ravi,63,2,A4,False,,0761628954
199,199,Odika Keer,69,1,A5,False,,+914789547173
200,538,Sudiksha Puri,46,1,A1,False,,02333537125
201,356,Naksh Soman,33,1,A3,False,,6708027973
202,783,Hardik Dua,52,2,A2,False,,8191691530
203,825,Ekbal Saraf,69,1,A2,True,GANG-740,09309294407
204,513,Pranit Mistry,57,2,A1,False,,+915642389078
205,230,Zayan Bandi,34,2,A1,True,GANG-379,+919002345882
206,788,Nicholas Badami,64,1,A1,False,,08261777881
207,258,Harish Oak,39,2,A2,False,,02906183874
208,197,Mitali Sarin,51,2,A4,False,,01630938321
209,751,Chasmum Banik,63,1,A5,False,,6759402977
210,184,Charles Golla,67,1,A2,False,,+912770071303
211,688,Ekani Solanki,24,1,A5,False,,08146425595
212,925,Maanas Bajwa,35,2,A5,True,GANG-545,+919317004279
213,115,Jagvi Behl,28,2,A4,False,,2811706671
214,766,Pranit Nair,36,1,A4,False,,2950499040
215,348,Alexander Handa,48,2,A2,False,,7027508259
216,666,Tejas Loke,68,1,A4,False,,+910810493456
217,126,Siya Sood,44,1,A5,False,,0162997009
218,710,Tanveer Mahajan,50,2,A5,True,GANG-558,1436892932
219,419,Lavanya Bala,63,2,A3,False,,+919202023411
220,174,Theodore Sampath,26,2,A5,False,,2481955616
221,970,Wishi Sane,26,2,A3,False,,8343554096
222,621,Mugdha Parmar,43,2,A5,False,,07132738212
223,428,Theodore Chad,43,1,A1,False,,+913320254740
224,652,Tanvi Sha,50,1,A3,True,GANG-572,07417171588
225,643,Saumya Kata,40,1,A2,True,GANG-535,+912644467423
226,868,Yachana Natt,55,1,A2,True,GANG-101,+918239170915
227,806,Atharv Shanker,70,2,A3,True,GANG-160,04244774099
228,95,Kashish Wadhwa,25,1,A4,False,,+913693160745
229,313,Charvi Bansal,65,1,A2,False,,7667869801
230,91,Girindra Samra,41,1,A1,False,,3489296057
231,876,Finn Wason,22,2,A5,False,,+917929528097
232,180,Arjun Srinivas,41,2,A3,False,,06692171181
233,669,Ridhi Nair,39,2,A3,False,,09882602434
234,368,Rachana Garde,66,1,A5,False,,7995073331
235,460,Ishaan Keer,68,1,A3,True,GANG-339,2751771464
236,305,Samar Bala,51,2,A5,False,,03855774826
237,354,Lakshmi Dhar,64,1,A4,False,,7090161047
238,241,Abeer Nath,19,2,A5,True,GANG-270,+919614812098
239,959,Chavvi Chakraborty,34,2,A1,False,,5182481376
240,435,Upkaar Mutti,19,2,A5,False,,+914461074858
241,96,Jeremiah Edwin,28,1,A5,False,,07402938918
242,773,Diya Borde,54,2,A2,False,,05466677484
243,285,Hiral Buch,43,2,A2,False,,+914178302215
244,138,Jagvi Tandon,42,2,A3,False,,+916435314918
245,257,Hredhaan Lal,47,1,A2,False,,+918029424081
246,270,Dhriti Wason,54,1,A1,False,,+913488677773
247,885,Vedhika Bahl,32,2,A3,False,,09755616497
248,268,Vamakshi Arya,27,1,A4,True,GANG-833,0976434618
249,547,Daniel Bassi,26,2,A1,False,,+910771385525
250,364,Nirja Divan,43,1,A5,False,,01667221285
251,392,Samarth Merchant,50,2,A5,True,GANG-528,00367923786
252,41,George Deol,54,2,A5,False,,0896064510
253,131,Samarth Chakraborty,52,1,A2,False,,+919605760505
254,635,Dipta Baria,36,1,A4,False,,9972893954
255,428,Nathan Khurana,48,2,A3,False,,6021754023
256,288,Darpan Dhingra,50,2,A2,False,,+912463307259
257,996,Vinaya Parmar,48,2,A4,False,,+911606368514
258,634,Ria Tata,50,1,A1,False,,9187809867
259,592,Harshil Munshi,58,1,A3,True,GANG-833,+918257040490
260,76,Udant Kapoor,47,2,A5,False,,+916137613878
261,853,Anmol Sen,38,2,A5,False,,09060673193
262,158,Advik Talwar,51,1,A3,False,,06759584911
263,416,Teerth Yogi,39,1,A5,True,GANG-572,+913228134425
264,446,Harsh Mammen,33,1,A2,True,GANG-520,09340058852
265,177,Eta Apte,47,2,A1,False,,06288438968
266,367,Yatan Tiwari,27,2,A5,True,GANG-229,+917703417355
267,262,Oscar Yogi,42,2,A5,False,,1051086032
268,482,Kamya Chad,39,2,A3,False,,+911005454486
269,101,Urvi Madan,58,1,A4,False,,8266550685
270,445,Jhalak Kapadia,45,1,A2,False,,2171486087
271,582,Raagini Saini,32,2,A4,True,GANG-403,05428616262
272,409,Onveer Bir,18,1,A4,False,,+910406359595
273,190,Deepa Keer,35,1,A4,False,,+915427240159
274,265,Rayaan Narayan,23,2,A2,False,,+910398188141
275,174,Wishi Dara,41,1,A4,False,,05598761210
276,631,Robert Gade,29,2,A1,False,,1965115535
277,749,Manbir Kunda,65,2,A1,False,,+913438483424
278,264,Qasim Pingle,62,2,A4,False,,+919178087005
279,589,Nandini Pau,65,1,A2,False,,+914498353817
280,925,Triya Loke,23,1,A4,False,,+913598686737
281,458,Tamanna Varkey,26,2,A2,False,,09149044401
282,353,Om Sahota,34,1,A2,True,GANG-843,+918198315556
283,349,Imaran Dixit,53,1,A4,False,,05005402978
284,18,Tanish Bedi,58,2,A2,False,,07537972637
285,391,Zayyan Pingle,25,2,A4,False,,7637907504
286,617,Arjun Gola,58,1,A3,False,,0149850307
287,270,Hema Bajaj,25,1,A4,False,,08776788567
288,825,Unni Pall,23,2,A2,True,GANG-942,+912377856194
289,91,Chandresh Saraf,31,1,A4,False,,+919076661083
290,894,Aahana Uppal,52,1,A5,False,,8278118161
291,998,Wyatt Dyal,27,2,A1,False,,8121399646
292,218,Mitali Minhas,22,2,A4,False,,1759479829
293,320,Chasmum Sachdeva,25,2,A3,False,,+914086470677
294,467,Upadhriti Rana,41,2,A2,True,GANG-403,09836976873
295,345,Yoshita Hans,50,2,A2,True,GANG-812,+918172861609
296,799,Naveen Pandey,68,2,A3,False,,08921633385
297,293,Waida Biswas,44,1,A2,False,,03320715001
298,332,Avni Bahri,24,1,A4,False,,+917333604013
299,900,Udyati Munshi,70,2,A2,False,,02117499148
300,545,Harita Kar,39,1,A4,True,GANG-244,03788199751
301,894,Chaman Luthra,29,1,A1,False,,+919739720298
302,750,Ojas Kunda,19,1,A4,True,GANG-856,5295106069
303,48,Chakrika Kar,53,2,A5,False,,+916472860911
304,739,Yashawini Barad,36,2,A2,False,,01475424941
305,220,Tarak Chauhan,35,2,A2,True,GANG-467,06508736111
306,922,Anamika Char,61,2,A3,False,,+915697667535
307,758,Darsh Salvi,30,2,A1,True,GANG-556,00428534342
308,262,Advay Hegde,48,2,A4,False,,09210993925
309,646,Quincy Chandran,47,2,A4,False,,05571190502
310,674,Matthew Chokshi,61,1,A4,True,GANG-941,07512127241
311,447,Yashasvi Cheema,54,2,A1,False,,2750506862
312,30,Harish Saran,61,2,A2,False,,+917948068502
313,353,Hemangini Datta,40,1,A5,False,,+919393336731
314,797,Tejas Menon,23,1,A4,False,,+913297169728
315,928,Yashasvi Prabhu,31,1,A5,False,,+917755367693
316,36,Bishakha Sarraf,70,2,A3,False,,05663035564
317,182,Onveer Upadhyay,18,1,A4,True,GANG-403,+916245240276
318,135,Gaurav Gandhi,26,1,A5,False,,+916734582370
319,265,Ekavir Sidhu,56,2,A4,False,,2323605441
320,107,Pratyush Dave,28,2,A2,False,,5458931500
321,778,Qarin Magar,45,2,A2,False,,7851762460
322,684,Ishani Kurian,20,1,A4,False,,+915402191821
323,124,Ranbir Pillay,47,1,A3,False,,+917035261711
324,965,Nitara Menon,46,1,A2,False,,2267126163
325,737,Harrison Sanghvi,47,2,A1,False,,8069722922
326,362,Pratyush Kata,21,2,A5,False,,+914112059588
327,835,Sai Deshpande,59,2,A5,False,,+915037462523
328,609,Aadhya Parekh,21,2,A3,True,GANG-157,0721544095
329,848,Neel Singhal,29,2,A3,True,GANG-537,5076382746
330,26,Neelima Prashad,63,2,A1,False,,3692683495
331,379,Meera Sheth,51,1,A4,False,,03802746541
332,862,Nisha Gole,19,1,A2,False,,07587176584
333,412,Wriddhish Kale,23,2,A1,False,,01481469584
334,307,Faraj Lall,64,2,A2,False,,07423526170
335,143,Aarush Buch,46,1,A2,False,,+910165101364
336,838,Chanchal Kamdar,31,2,A1,False,,5961380171
337,800,Dayita Garg,41,1,A1,False,,9880327932
338,801,Vidhi Loke,42,1,A3,False,,02202819491
339,506,Varenya Gour,44,2,A5,False,,0056400079
340,752,Harish Swaminathan,37,2,A5,False,,+915489227939
341,988,Harish Wason,50,1,A5,False,,2530339272
342,250,Amruta Singh,49,1,A2,False,,+912932958350
343,269,Yashodhara Balakrishnan,57,1,A2,False,,0749391431
344,344,Krisha Sami,23,1,A4,False,,07026101942
345,333,Alka Virk,20,1,A1,False,,+911923274751
346,577,Kai Mitter,58,2,A2,True,GANG-528,2128045641
347,361,Yashawini Dubey,29,1,A5,False,,9541350978
348,719,Dhruv Dey,59,1,A1,False,,0260272830
349,504,Nitesh Chaudhry,29,2,A3,False,,+919054656091
350,184,Christopher Gaba,34,1,A1,False,,09263301230
351,322,Chatura Keer,33,1,A3,False,,0011306373
352,418,Amrita Bhatti,41,1,A3,False,,01347681507
353,878,Bhavini Ramachandran,64,1,A1,False,,00492295211
354,843,Raksha Bhatti,69,2,A5,True,GANG-342,8426951581
355,398,Sachi Mallick,38,2,A5,False,,01536356634
356,72,Panini Mitra,19,1,A2,False,,01073042640
357,65,Ucchal Sahni,18,1,A1,False,,6326278474
358,342,Zayyan Bumb,58,1,A2,True,GANG-348,4552334943
359,892,Kiaan Konda,53,2,A3,False,,+910003276260
360,319,Gauri Chandran,68,1,A3,False,,4941275901
361,923,Eshana Seshadri,19,2,A1,False,,05676482159
362,945,Dalbir Kar,48,1,A3,False,,06310670766
363,361,Mitesh Devi,43,2,A5,True,GANG-833,05183152634
364,498,Jason Keer,59,2,A4,False,,+915446274848
365,442,Guneet Date,30,1,A2,False,,1842436259
366,331,Nilima Mukherjee,18,2,A1,False,,09731732331
367,402,Nathaniel Raj,41,2,A4,False,,03227556139
368,937,Yashawini Desai,38,1,A5,False,,09102133930
369,315,Jagrati Karpe,22,1,A1,False,,+913351051754
370,521,Warinder Ahuja,22,2,A3,True,GANG-942,+915039472437
371,416,Ekalinga Rout,43,1,A1,False,,+916341349521
372,786,Anthony Sanghvi,54,1,A4,False,,+918667784383
373,490,Jai Bhandari,45,2,A3,False,,05450470059
374,820,Nilima Wason,59,2,A2,False,,00315105181
375,602,Chaitanya Sani,21,2,A4,False,,05372409040
376,935,Neelima Padmanabhan,29,2,A5,False,,+911651304581
377,849,Netra Golla,30,1,A4,True,GANG-942,0222856535
378,324,Robert Raval,21,1,A5,False,,9851674308
379,932,Robert Palla,24,1,A1,False,,04446552349
380,85,Urvi Mall,36,1,A3,False,,7071371730
381,372,Qarin Tripathi,50,2,A1,False,,01561870041
382,264,Vrishti Seshadri,46,2,A3,True,GANG-244,+918242195834
383,347,Diya Acharya,62,2,A5,False,,8330128567
384,463,Tanvi Bala,51,2,A5,False,,2053528173
385,514,Kai Bera,56,1,A1,False,,08635418737
386,131,Hitesh Vyas,52,2,A1,False,,+915797911488
387,466,Sathvik Pradhan,32,1,A5,True,GANG-312,3205680804
388,284,Varsha Deshmukh,42,2,A3,False,,3597908602
389,186,Anjali Dewan,55,2,A1,False,,+911850291184
390,111,Ekaraj Edwin,60,1,A3,False,,2761163048
391,27,Lekha Bawa,48,2,A5,False,,+911034019455
392,157,Bimala Chaudhry,27,2,A2,False,,+913057041573
393,688,Sanya Hari,29,2,A5,False,,04510169637
394,117,Dev Kibe,69,1,A2,False,,7831364032
395,945,Gunbir Parekh,70,1,A3,False,,+913146902618
396,94,Charita Hayre,63,2,A4,False,,8388671467
397,198,Imaran Mann,38,1,A3,False,,3199393588
398,775,Wriddhish Contractor,62,1,A5,False,,02107419886
399,81,Madhav Mitter,29,2,A2,False,,+917278066400
400,749,Fiyaz Bala,42,1,A3,True,GANG-276,8491127079
401,841,Zansi Master,21,2,A1,False,,+912463737092
402,735,Bina Kadakia,55,1,A2,True,GANG-155,01912385685
403,196,Yashvi Krish,52,2,A3,False,,+918205787232
404,361,Viraj Sankaran,42,2,A5,False,,+911685852306
405,541,Isaiah Dhar,67,2,A1,False,,5375644655
406,422,Dalbir Handa,69,2,A3,False,,1029025466
407,437,Vedika Batra,56,2,A5,False,,02664717375
408,948,Wyatt Karpe,39,1,A5,False,,+917892583573
409,789,Ranveer Balay,67,1,A1,True,GANG-761,03923537327
410,426,Raksha Balasubramanian,41,2,A4,False,,04582014535
411,432,Isaac Kaul,50,1,A1,False,,+915838526905
412,82,Januja Pillay,21,2,A3,False,,+913865986794
413,827,Harsh Din,53,2,A3,False,,01315769079
414,402,Saumya Loke,54,1,A4,False,,05497283652
415,887,Dayita Srivastava,23,1,A4,False,,+914300256943
416,871,Chaman Bhatt,49,1,A4,False,,07087975099
417,758,Hritik Aggarwal,54,2,A5,False,,8384018257
418,233,Leela Narayanan,54,2,A2,False,,7770315149
419,385,Urishilla Lad,63,1,A4,False,,+912226667330
420,148,Vamakshi Ghosh,27,1,A3,False,,+919243089882
421,421,Chatresh Patel,63,2,A1,False,,02818387413
422,147,Rachita Seshadri,43,2,A4,False,,06118150998
423,896,Wakeeta Arora,22,2,A1,False,,08119293430
424,679,Siddharth Parmer,36,2,A2,True,GANG-342,03150298573
425,432,Vivaan Konda,22,1,A4,True,GANG-403,07705670193
426,164,Abeer Palla,44,2,A5,False,,04282881481
427,786,Michael Bath,33,2,A5,False,,3379182502
428,843,Ijaya Gulati,43,1,A5,False,,+911322491873
429,618,Manya Om,23,1,A2,False,,+913704768693
430,77,Darsh Jaggi,29,2,A3,True,GANG-155,08611145292
431,316,Wishi Patil,59,2,A5,False,,+910528282982
432,522,Karan Sehgal,62,2,A1,False,,+918975312775
433,630,Gayathri Rao,56,1,A3,False,,09900710743
434,946,Hardik Munshi,36,1,A2,False,,00818089044
435,55,Nilima Kara,22,2,A1,False,,+918924797757
436,210,Yagnesh Keer,63,1,A1,False,,5024032338
437,566,Parth Patil,32,2,A1,False,,02618064806
438,552,Vasana Patla,22,1,A1,True,GANG-876,06986126351
439,165,Yutika Kota,62,1,A5,False,,1130791094
440,25,Naveen Rai,61,1,A4,False,,5924111527
441,855,Abhiram Barad,54,1,A4,False,,7811659438
442,116,Isaac Sodhi,55,2,A2,False,,09930831403
443,712,Mekhala Konda,63,2,A3,False,,+915744357506
444,634,Nilima Mital,24,1,A4,True,GANG-572,00145900121
445,499,Ekiya Loyal,56,2,A4,False,,4507573156
446,987,Vanya Date,66,1,A2,False,,6140339836
447,685,Tripti Sarin,59,2,A5,False,,+912223258879
448,2,Jagdish Borah,54,1,A2,False,,+919618442085
449,985,Qasim Rege,62,1,A2,False,,8412349227
450,531,Udyati Raja,68,1,A1,False,,08307654578
451,959,Ojasvi Jani,26,2,A4,True,GANG-229,05287040592
452,394,Vrinda Mallick,67,1,A2,False,,+916303809727
453,859,Jatin Mody,64,1,A5,False,,2305111694
454,491,Harish Prabhakar,46,2,A1,True,GANG-941,1551464691
455,319,Nidra Babu,20,1,A1,False,,+917133835203
456,329,Lavanya Issac,24,1,A1,True,GANG-535,5771667642
457,192,Qasim Kapadia,29,2,A2,False,,00045861967
458,642,Maya Raj,32,2,A5,False,,04875119133
459,213,Jeevika Chadha,31,1,A4,False,,9271495352
460,251,Rajeshri Prasad,45,2,A3,True,GANG-535,7613099934
461,19,Faris Tak,43,2,A5,False,,+912250096716
462,255,Ojasvi Sem,39,1,A3,False,,+919582495687
463,993,Abdul Minhas,41,1,A2,False,,+919357201775
464,453,Yadavi Basu,58,1,A1,False,,+915166238688
465,702,Lekha Ganesan,28,1,A1,False,,+911242469081
466,1,Hardik Naidu,57,1,A2,False,,+911481344224
467,156,Ishaan Shanker,27,1,A3,False,,02921123587
468,77,Anjali Agate,35,2,A3,False,,4086171437
469,556,Reva Wadhwa,68,2,A3,False,,05288004184
470,60,Xalak Deo,36,1,A1,False,,+919262150897
471,556,Jalsa Kapur,56,1,A2,True,GANG-229,00486418934
472,20,Nachiket Sridhar,26,1,A5,True,GANG-372,4482270407
473,863,Kritika Saran,40,1,A1,True,GANG-229,7632334409
474,904,Nachiket Mital,25,2,A1,False,,04722110255
475,272,Leena Toor,64,2,A2,False,,8986663136
476,500,Triya Barman,40,2,A5,False,,0972832470
477,58,Lucky Jha,55,2,A3,True,GANG-859,+919276404227
478,85,Arjun Prashad,60,1,A3,False,,09177546167
479,714,Oeshi Chada,25,2,A3,False,,6720792714
480,548,Shivansh Rai,56,1,A3,False,,00425977292
481,29,Deepa Singhal,19,1,A1,True,GANG-528,+917205283330
482,367,Faqid Kadakia,52,2,A3,True,GANG-244,3500012968
483,15,Zashil Date,63,2,A2,False,,+917894084596
484,296,Noah Dugal,39,1,A5,False,,+917709730619
485,182,Nandini Chana,70,1,A4,True,GANG-276,1860854055
486,31,Widisha Kohli,52,2,A4,True,GANG-244,+911590384822
487,731,Vasudha Rajagopal,46,1,A2,False,,+918529947734
488,974,Rayaan Kaul,24,1,A1,True,GANG-823,+915829710809
489,803,Idika Murthy,34,2,A5,False,,3901678473
490,400,Vrishti Bhatia,32,1,A3,True,GANG-101,8858838136
491,567,Pooja Mistry,32,1,A2,False,,9388602986
492,260,Omkaar Gaba,46,2,A1,True,GANG-229,02135852847
493,13,Radha Sura,24,1,A1,True,GANG-467,03988610844
494,799,Aarnav Sankaran,31,1,A2,False,,+914762194322
495,231,Harini Rastogi,39,2,A2,False,,05454092107
496,835,Nitara Deshpande,32,1,A4,False,,+912855357220
497,191,Onkar Puri,48,1,A1,False,,00143266783
498,782,Turvi Majumdar,63,2,A1,False,,7220629685
499,271,Nathaniel Nagi,57,2,A5,False,,9061885508
500,532,Keya Guha,29,2,A3,False,,+914882326649
501,756,Jagdish Zacharia,68,1,A4,True,GANG-312,9254459580
502,37,Dominic Lall,56,2,A5,False,,04002216658
503,772,Jagdish Shukla,30,1,A5,False,,01629029122
504,302,Faras Jani,33,1,A5,False,,+918538453915
505,76,Janya Memon,41,1,A2,False,,1321945950
506,651,Falak Krish,67,1,A5,False,,+911222693260
507,290,Manbir Narula,48,2,A3,False,,0527478551
508,455,Baljiwan Sinha,36,1,A2,False,,06458503371
509,28,Ekani Dasgupta,54,2,A4,True,GANG-348,4472221732
510,862,Kamya Rajagopalan,60,2,A1,False,,1537844477
511,189,Isaiah Uppal,52,2,A2,True,GANG-535,02789614717
512,636,Hemal Vig,38,1,A3,False,,0486144327
513,438,Aryan Saraf,54,2,A2,False,,9730036550
514,300,Anusha Desai,32,2,A3,False,,+914782016927
515,803,Rohan Sahota,39,1,A5,False,,+916518975044
516,549,Yashodhara Tailor,53,1,A3,True,GANG-941,8003272409
517,533,Vihaan Gara,22,1,A4,True,GANG-520,08233617832
518,724,Saanvi Upadhyay,51,2,A1,False,,02667336255
519,837,Orinder Chauhan,50,1,A1,False,,9514001970
520,271,Hema Gade,35,1,A4,False,,8627075911
521,338,Anika Thakur,56,1,A5,False,,1676800371
522,47,Xavier Khatri,25,1,A3,False,,1245823855
523,848,Ekani Thakur,55,1,A5,False,,2310287606
524,974,Girish Yadav,49,1,A5,False,,01139191620
525,319,Peter Nagi,62,1,A2,False,,01894252820
526,180,Diya Brahmbhatt,28,1,A2,True,GANG-379,+911955593795
527,934,Riya Gala,52,2,A2,False,,+918364276020
528,217,Lakshmi Kapadia,70,2,A2,False,,01114111720
529,447,Falguni Sharaf,64,1,A2,False,,4395352935
530,502,George Sheth,18,1,A4,False,,07829350393
531,180,Yahvi Gara,35,2,A1,False,,+913842717758
532,830,Jeevika Devi,66,2,A3,True,GANG-466,+918997123703
533,776,Anya Dani,47,1,A3,False,,08504557029
534,765,Samar Kulkarni,62,1,A1,False,,2035722938
535,408,Christopher Vaidya,36,1,A4,False,,+913887731824
536,949,Hemani Bhatt,21,1,A4,False,,07849149345
537,963,Kavya Ahluwalia,49,2,A1,False,,+910533940154
538,470,Hemangini Thaker,25,1,A1,False,,+915060703895
539,978,Praneel Bath,18,2,A2,True,GANG-528,+917007751149
540,113,Nicholas Bhat,29,1,A3,False,,+913134882966
541,234,Adya Hayre,64,2,A4,False,,+911980787927
542,704,Balvan Chauhan,34,2,A4,True,GANG-229,+916454099129
543,179,Anika Rao,19,1,A4,True,GANG-245,+913539158795
544,732,Lohit Thaman,21,1,A4,False,,08426662265
545,714,Oeshi Prasad,27,2,A5,False,,+912650098667
546,289,Dominic Prakash,63,2,A1,True,GANG-372,+919355907097
547,177,Rehaan Goyal,40,2,A2,False,,4656099426
548,56,Krish Desai,44,2,A1,True,GANG-876,+911167282202
549,422,Pallavi Kalla,43,2,A1,False,,5458638112
550,613,Ekanta Thakur,68,1,A1,False,,1060052363
551,956,Yashodhara Khosla,40,2,A5,False,,8781850021
552,983,Netra Chakraborty,52,1,A4,False,,+917274121908
553,358,Amruta Saran,70,1,A2,False,,04614713570
554,180,Ekbal Goda,45,2,A3,False,,+916922346077
555,884,Shravya Kale,68,2,A2,False,,+913382640598
556,499,Yatan Patil,43,2,A2,False,,+916391556038
557,422,Shaurya Bhatia,34,1,A4,False,,0383619957
558,402,Nitesh Raval,50,2,A5,False,,9270876861
559,649,Rachana Narayanan,18,2,A4,False,,8657565252
560,869,Vyanjana Randhawa,68,2,A3,False,,04883752829
561,164,Arunima Seth,46,2,A4,False,,+918193398525
562,125,Jackson Narayan,44,2,A2,False,,04913799053
563,585,Samuel Munshi,53,2,A2,False,,+912326153864
564,120,Wahab Mahal,47,1,A3,False,,1266102477
565,707,Mitesh Vohra,57,1,A3,False,,+912549170018
566,545,Ria Sem,47,2,A5,False,,+915555022564
567,11,Hemani Kumar,26,1,A2,False,,2809882889
568,119,Ayaan Ganguly,56,1,A1,False,,7673532275
569,900,Mekhala Viswanathan,24,2,A4,False,,+916814277524
570,772,Falak Sahota,51,1,A1,True,GANG-941,8332195694
571,7,Chaman Kala,24,1,A3,False,,+912835743059
572,303,Nirja Butala,38,1,A3,False,,+918703212256
573,527,Amara Iyer,56,2,A4,True,GANG-379,0748895693
574,961,Charan Sarraf,23,2,A4,False,,05085412661
575,451,Neel Dhar,61,1,A3,False,,7309541421
576,584,Rachita Ghosh,27,1,A3,False,,2838696104
577,416,Wyatt Nayar,37,1,A1,False,,07715176329
578,565,Anita Khalsa,27,1,A4,False,,08648783745
579,728,Damini Sahni,36,1,A1,False,,5948158155
580,1,Gaurangi Prasad,30,2,A4,False,,8893595045
581,683,Nakul Brahmbhatt,38,1,A5,False,,+916223694007
582,4,Charles Tripathi,36,2,A2,False,,+919643369300
583,18,Samaksh Bakshi,43,1,A2,False,,+911674880757
584,658,Isaac Rastogi,70,1,A4,False,,+912096412523
585,961,Jasmit Kalita,36,1,A5,False,,9219520893
586,954,Jai Sachar,69,2,A3,False,,+913512182760
587,93,Ubika Om,20,2,A1,False,,02437051095
588,235,Aarna Mangat,34,1,A2,False,,9377245098
589,335,Ati Dara,20,2,A3,False,,+911675524164
590,177,Zarna Dass,36,2,A5,False,,07621158302
591,324,Yasti Dhar,64,1,A2,False,,6173731103
592,369,Ekanta Chatterjee,67,2,A2,False,,05484025969
593,525,Qarin Dayal,44,2,A3,False,,+914114824821
594,453,Dakshesh Hari,66,2,A1,False,,3796495170
595,167,Aarush Ben,49,1,A1,False,,+919033749502
596,209,Jhalak Master,50,1,A2,True,GANG-263,+915029477084
597,186,Qasim Shah,36,1,A4,False,,4599214376
598,847,Yadavi Sinha,69,1,A5,False,,6275125893
599,844,Sarthak Basu,65,1,A2,False,,+919075746464
600,386,Advika Sanghvi,58,1,A4,False,,4223020746
601,375,Gayathri Sandhu,53,2,A4,True,GANG-403,+917625413456
602,926,Veer Bakshi,46,1,A3,False,,+918922185111
603,557,Neha Chandran,58,2,A5,False,,+912443024105
604,224,Darsh Shroff,60,2,A5,False,,4480632732
605,951,Dalaja Kohli,45,2,A3,False,,+918622812200
606,723,Atharv Balakrishnan,68,1,A4,False,,+913770849138
607,108,Jhalak Mistry,26,1,A2,False,,1772927809
608,535,Kamya Ratta,50,2,A4,False,,7701587428
609,840,Yashica Dubey,53,1,A4,False,,09005971002
610,186,Wishi Batra,53,1,A5,False,,09907949866
611,478,Ojasvi Venkataraman,29,2,A2,True,GANG-547,08950681923
612,887,Gavin Manne,30,2,A5,False,,08194557698
613,943,Neelima Chakraborty,70,1,A2,False,,7886269655
614,994,Ojasvi Wable,45,1,A3,True,GANG-230,+917902880768
615,240,Gauri Rai,36,1,A3,False,,06348017804
616,586,Zayan Nagarajan,59,1,A2,False,,09249634108
617,933,Wishi Chadha,62,1,A3,True,GANG-833,9402746798
618,992,Dalaja Palan,25,2,A4,False,,05670711337
619,306,Nakul Zachariah,55,2,A1,False,,8349366512
620,836,Qushi Bahl,21,2,A1,False,,5580295661
621,905,Karan Mohan,44,1,A2,False,,00357629407
622,191,Turvi Narain,62,2,A4,False,,+918688879517
623,802,Eta Mane,50,1,A1,False,,5500176362
624,873,Yasti Ramesh,41,2,A2,False,,06384286125
625,205,Jasmit Nagar,34,2,A4,False,,9962073981
626,343,Bahadurjit Minhas,52,1,A4,False,,+914251282685
627,183,Ati Gour,43,1,A2,False,,+915730735532
628,547,Veda Borde,57,1,A3,True,GANG-339,+917761605182
629,857,Jairaj Jha,33,1,A4,False,,3748494627
630,795,Jagvi Chada,28,1,A5,True,GANG-876,+912731264242
631,432,Pallavi Ramachandran,31,1,A4,False,,+914051474535
632,196,Nidhi Panchal,63,2,A4,False,,05110020720
633,353,Devansh Bawa,21,1,A3,False,,00304794086
634,941,Gopal Patel,22,1,A3,False,,01542913505
635,89,Mekhala Kalita,24,2,A3,False,,+911187315998
636,919,Noah Pathak,52,1,A1,False,,+912967745533
637,3,Christopher Gera,48,1,A1,False,,+919916971368
638,245,Saanvi Mahajan,69,1,A3,False,,+913170053208
639,784,Tarak Keer,48,1,A5,False,,01448074650
640,473,Omaja Khurana,49,1,A4,True,GANG-833,02277005709
641,772,Mohammed Sagar,62,2,A3,False,,07690432700
642,650,Ishaan Hora,30,2,A5,False,,4444685086
643,169,Deepa Chadha,29,1,A1,False,,5576137281
644,660,Chakrika Devi,62,2,A2,False,,+918549304140
645,847,Rachit D’Alia,29,1,A5,False,,8177030935
646,278,Pushti Dhingra,37,1,A4,False,,+916347323553
647,509,Lopa Choudhary,63,2,A2,False,,+910531970293
648,11,Joshua Palan,46,1,A2,True,GANG-545,+915061436986
649,859,Faraj Apte,70,2,A5,False,,+913955391720
650,100,Nachiket Saini,67,1,A5,True,GANG-244,08315929558
651,693,Baghyawati Bhandari,29,2,A3,False,,+914061255150
652,895,Bhavika Kohli,43,1,A4,False,,07583006645
653,506,Harrison Korpal,60,2,A1,True,GANG-263,09120945782
654,977,Girish Raghavan,52,2,A2,True,GANG-597,6927535110
655,143,Luke Nanda,33,2,A4,False,,8814620556
656,331,Ekansh Ganguly,70,1,A5,False,,4237621000
657,238,Turvi Sengupta,55,2,A4,False,,8647160584
658,154,Aarav Chada,65,1,A4,True,GANG-823,08971663107
659,586,Nilima Dar,21,1,A5,True,GANG-890,2865458306
660,719,Tripti Char,50,1,A5,False,,7763632476
661,563,Christopher Dugal,35,2,A4,True,GANG-941,01015113771
662,412,Zayan Manda,68,1,A1,False,,0084369358
663,363,Ishita Pandit,52,2,A2,False,,01536191643
664,903,Yash Dubey,41,2,A3,False,,+914829448351
665,764,Upkaar Bhattacharyya,30,1,A1,False,,8899522779
666,731,Sneha Goswami,26,1,A3,False,,8108428385
667,110,Nitesh Dixit,25,1,A3,True,GANG-662,9652132019
668,857,Lakshit Madan,68,2,A2,True,GANG-157,5328335510
669,178,Frado Sharaf,27,2,A4,False,,02426890153
670,41,Yash Deshmukh,38,2,A4,True,GANG-229,6502577776
671,993,Nihal Shroff,46,1,A5,False,,0693923315
672,332,George Merchant,20,1,A1,False,,4161362552
673,644,Oviya Ramachandran,19,1,A1,False,,+918385880319
674,579,Baljiwan Parmar,58,2,A1,False,,+916207016042
675,715,Owen Garde,28,2,A3,False,,08118346892
676,184,Henry Dara,34,1,A2,False,,+917704482313
677,607,Veda Kannan,40,2,A5,False,,+916471632207
678,962,Vedika Edwin,56,1,A1,False,,+914442852471
679,653,Waida Raju,34,1,A3,False,,08875284277
680,406,Pallavi Chowdhury,27,1,A3,False,,+917380510447
681,651,Yochana Vora,67,1,A4,False,,06431104188
682,349,Harinakshi Chada,39,2,A3,False,,4777050338
683,561,Pushti Banik,31,1,A3,False,,+911580715477
684,963,Oni Dani,29,1,A4,False,,+914260587448
685,566,Hema Goel,59,1,A2,True,GANG-859,09813781540
686,781,Shivansh Ahluwalia,19,1,A2,False,,00028517468
687,140,Pushti Patla,62,2,A5,False,,06025798942
688,874,Brinda Khosla,64,1,A3,False,,8247836599
689,92,Yagnesh Kalla,51,1,A1,True,GANG-292,04002586359
690,804,Nikita Memon,28,1,A5,True,GANG-856,+915270684696
691,548,Jairaj Dash,57,1,A4,False,,+916026498040
692,28,Arjun Apte,27,1,A2,False,,06509363370
693,442,Quincy Chowdhury,22,2,A4,False,,3880190477
694,90,Zinal Ben,48,1,A5,False,,06977585258
695,166,Adya Munshi,51,1,A1,False,,5014080700
696,634,Eshana Krishnamurthy,22,2,A4,True,GANG-535,08592547482
697,275,Baljiwan Raval,28,1,A3,False,,02775600409
698,620,Ekaraj Chandran,32,2,A4,True,GANG-229,+913678502510
699,961,Girik Mann,64,2,A5,False,,+914370663507
700,887,Ayaan Apte,49,1,A2,False,,05066768221
701,751,Hemangini Sane,24,2,A2,False,,05000112423
702,81,Faras Sarkar,68,2,A3,False,,6458700791
703,439,Udarsh Gade,36,2,A4,False,,+916996552939
704,445,Fariq Chaudhari,69,2,A4,False,,02743506595
705,656,Kritika Devi,41,2,A4,False,,00445743051
706,627,Om Om,36,2,A3,True,GANG-244,00513606248
707,303,Nidra Sarraf,59,1,A5,False,,09726489686
708,970,Harini Chatterjee,33,1,A5,False,,+919000237264
709,964,Neha Parsa,29,2,A3,False,,5878326363
710,75,Zaid Purohit,20,2,A1,True,GANG-348,09092239770
711,476,Barkha Patla,26,1,A4,False,,03903241012
712,632,Champak Goswami,68,2,A5,False,,02072866997
713,789,Logan Ramakrishnan,56,1,A2,False,,09170357014
714,715,Krisha Loke,43,1,A5,True,GANG-339,04920246469
715,345,Zarna Solanki,51,1,A5,False,,06353341236
716,820,Darika Mohan,46,1,A5,False,,00702535896
717,722,Maya Nazareth,23,1,A5,False,,+918806392482
718,187,Advay Subramanian,60,1,A4,False,,03187234924
719,180,Tanvi Sura,33,2,A5,True,GANG-229,+910818580506
720,367,Darika Pandey,47,1,A4,True,GANG-528,+915781979317
721,630,Januja Mandal,24,1,A1,False,,9391034360
722,57,Rishi Karnik,38,1,A4,True,GANG-157,+918144127430
723,562,Azaan Garde,32,2,A4,False,,08287551792
724,37,Zarna Roy,66,1,A3,False,,4856247750
725,315,Abha Lall,24,2,A1,False,,9936651134
726,182,Rushil Gala,23,2,A2,False,,01256494892
727,244,Nikita Virk,63,1,A1,False,,06815512314
728,361,Meghana Sarkar,35,1,A2,False,,+910729897154
729,986,Joshua Dutta,46,2,A5,False,,05974764268
730,803,Qadim Sunder,52,1,A2,False,,08215137231
731,155,Zaitra Gopal,54,2,A4,False,,6069200865
732,192,Widisha Batta,28,1,A3,False,,7709579149
733,242,Samesh Kibe,54,1,A5,False,,7646934256
734,181,Raagini Radhakrishnan,69,1,A2,True,GANG-859,0079175599
735,933,Lekha Sant,24,2,A4,False,,6698908566
736,100,Madhavi Chaudhary,51,2,A5,True,GANG-662,+910984253827
737,626,Oviya Sekhon,47,1,A3,False,,3264192051
738,656,Vyanjana Bhat,18,2,A1,False,,06096680146
739,257,Saanvi Sen,31,1,A2,False,,+918388579104
740,434,Kevin Contractor,31,2,A4,True,GANG-833,03087263380
741,734,Warinder Savant,54,1,A3,False,,00913932437
742,779,Robert Dar,48,1,A2,False,,+913082909570
743,923,Yashvi Dube,36,1,A4,False,,8624229341
744,985,Warda Rao,45,2,A1,False,,05146220198
745,351,Bakhshi Kata,21,1,A2,False,,+918066654988
746,913,Advaith Muni,29,1,A2,False,,02940924029
747,110,Advik Char,36,1,A3,False,,+912071074787
748,906,Pushti Krish,67,1,A5,False,,05968755009
749,363,Harini Narayan,48,1,A4,False,,+913686581702
750,374,Rajeshri Gola,56,2,A4,False,,09622072661
751,619,Darpan Karpe,47,1,A3,False,,2272642984
752,450,Arjun Arya,26,2,A4,True,GANG-467,07535966394
753,688,Lila Manne,38,2,A1,True,GANG-479,+910240173189
754,432,Pallavi Natarajan,28,2,A3,False,,00856742118
755,239,Farhan Pillay,28,2,A2,True,GANG-942,+917848110747
756,72,Indira Devi,64,1,A4,False,,02686164246
757,58,Mohammed Saran,64,2,A1,False,,2636684708
758,438,Chavvi Kunda,28,1,A1,False,,03864653333
759,260,Urvashi Bala,42,1,A3,False,,2836855965
760,421,Lekha Dash,25,2,A1,False,,02277573352
761,989,Vivaan Khurana,61,2,A4,False,,+914376737843
762,6,Nicholas Chacko,44,1,A3,True,GANG-270,9852402842
763,884,Amara Yogi,53,2,A1,False,,04488384102
764,483,Krishna Sachdeva,22,2,A3,False,,+913102331737
765,239,Gayathri Rana,65,2,A5,False,,+915345467151
766,30,Falguni Sem,64,1,A3,False,,+919319458996
767,304,Ansh Sanghvi,18,1,A3,False,,+919395281921
768,178,Bakhshi Date,19,1,A2,True,GANG-372,+915939424104
769,959,Qarin Sant,25,1,A5,True,GANG-292,06579323836
770,141,Hemangini Dora,65,1,A5,False,,+910473222463
771,879,Rudra Nagi,28,2,A4,False,,2624868894
772,885,Laksh Prabhakar,67,1,A1,False,,01218100118
773,861,Indrajit Rout,29,2,A5,False,,+918747424590
774,963,Darsh Yadav,62,1,A4,False,,+916184617472
775,705,Nikita Chander,37,1,A3,False,,+912201385841
776,573,Aadhya Kala,32,1,A1,False,,0631777460
777,775,Vidhi Shah,29,2,A1,False,,+919393159452
778,55,Umang Tella,22,2,A2,False,,+912076312024
779,808,Rachit Sinha,63,1,A2,False,,8471687716
780,64,Wridesh De,45,1,A1,False,,+910980259322
781,575,Bachittar Chander,39,2,A4,True,GANG-403,+911710506865
782,320,Samuel Saraf,55,1,A1,False,,09817839590
783,556,Jagvi Seth,65,1,A4,False,,07139912318
784,518,Banjeet Bhagat,61,1,A2,False,,09402865900
785,142,Bhavna Patel,58,2,A2,False,,9417400957
786,863,Frado Hans,25,1,A1,False,,3939766632
787,684,Ucchal Nadkarni,22,1,A2,False,,09957925675
788,972,Faraj Wadhwa,29,1,A3,False,,07007403799
789,738,Abhimanyu Comar,55,1,A5,False,,1587496536
790,876,Chandran Kunda,58,2,A3,False,,9608462317
791,298,Prisha Tank,18,2,A5,False,,+919284095096
792,447,Pushti Banik,68,1,A4,False,,09557415555
793,17,Zashil Mangat,34,1,A1,False,,04061060080
794,732,Qarin Parmer,38,2,A4,False,,+913729871586
795,520,Dev Wable,60,2,A2,True,GANG-833,01471751778
796,373,Vedika Mani,57,2,A4,False,,3746932426
797,859,Devika Borde,46,1,A3,True,GANG-556,7689841425
798,981,Ekta Kapoor,51,1,A4,False,,3470934579
799,578,Indali Bhatnagar,33,2,A3,False,,+912119290138
800,701,Manya Dar,32,2,A5,False,,+919979736040
801,652,Wriddhish Khanna,41,2,A2,False,,+910107714372
802,786,Anya Patla,18,2,A5,False,,09638737793
803,602,Falan Apte,44,2,A3,False,,07137839150
804,267,Shravya Mahajan,56,2,A3,False,,+916032645396
805,94,Ranveer Lal,41,2,A5,False,,4202136927
806,599,Vihaan Sem,22,2,A3,False,,5289573740
807,731,Chasmum Chahal,70,1,A2,False,,+917313375688
808,786,Vivaan Madan,60,2,A4,True,GANG-528,4774758690
809,303,Xavier Vasa,31,1,A4,False,,+918007263455
810,543,Vasana Krishna,33,1,A5,False,,+912124514767
811,847,Aarini Naik,44,1,A5,False,,0837452820
812,738,Gayathri Prakash,62,1,A3,False,,3212361402
813,131,Ekiya Kothari,70,1,A3,True,GANG-740,+917456010903
814,179,Luke Bail,25,2,A2,True,GANG-876,+917948030862
815,731,Vedant Dewan,26,2,A2,False,,6275390841
816,614,Jatin Varughese,30,2,A5,False,,05881143281
817,683,Faris Kade,42,1,A2,False,,+914510527153
818,377,Christopher Madan,21,1,A5,True,GANG-876,4783914886
819,651,Christopher Sood,57,1,A4,False,,+918761098556
820,113,Neha Chahal,32,2,A4,True,GANG-528,+910917651349
821,566,Tarak Toor,68,2,A3,False,,03353090452
822,113,Abdul Hayer,47,1,A2,False,,8670031009
823,525,Girik Kar,66,1,A5,False,,04974105103
824,89,Ishani Bhakta,38,1,A2,False,,+910397067239
825,158,Jairaj Gokhale,47,1,A4,False,,02365020793
826,754,Fariq Sehgal,66,1,A5,False,,+915109737756
827,227,Charvi Chada,28,2,A4,True,GANG-466,09902657545
828,91,Manya Peri,62,1,A3,False,,7880685391
829,68,Ekansh Kulkarni,35,1,A3,False,,02136381764
830,597,Yug Muni,56,2,A1,False,,+914210193453
831,335,Liam Loyal,21,2,A2,False,,7707664733
832,454,Sai Bassi,34,1,A2,False,,6664745690
833,718,Ekansh Bail,59,1,A2,False,,4868364603
834,306,Dhruv Baral,50,2,A3,False,,01378766196
835,358,Lakshit Srivastava,44,1,A1,False,,09741571112
836,194,Upkaar Chahal,25,1,A1,False,,+919770434291
837,739,Yutika Mitter,24,2,A2,False,,5076842007
838,632,Kamya Nath,21,1,A5,True,GANG-823,02193379899
839,33,Neha Dash,54,2,A3,True,GANG-276,1673506898
840,571,Widisha Sunder,63,2,A5,False,,1332307218
841,329,Avi Deo,68,2,A1,True,GANG-572,+910285534335
842,517,Harshil Nagarajan,50,1,A4,True,GANG-597,08132807027
843,860,Wazir Cherian,45,1,A1,False,,9304708087
844,862,Tejas Sinha,22,1,A4,True,GANG-597,+916881133764
845,245,Suhani Padmanabhan,66,1,A3,False,,03297619943
846,651,Azad Goswami,60,1,A5,False,,01491716153
847,650,Edhitha Brahmbhatt,57,2,A1,False,,04027742515
848,831,Odika Joshi,24,1,A2,True,GANG-403,6110281204
849,774,Kashish Virk,60,2,A2,False,,+912435831682
850,129,Samesh Goda,23,2,A1,False,,03096470622
851,421,Yasti Jayaraman,27,1,A1,False,,+914837269700
852,569,Daksha Vora,54,2,A5,False,,+917353880415
853,889,Vedika Goda,22,1,A4,False,,09519426352
854,85,Pranav Chaudhary,67,1,A3,True,GANG-403,+913552501667
855,655,Ekaja Bumb,22,2,A3,False,,01856441330
856,65,Balhaar Ghose,35,2,A5,False,,01526351488
857,9,Bhavna Sharma,57,1,A4,False,,1725057506
858,534,Jeevika Sandhu,20,2,A5,False,,2556083365
859,402,Indrajit Deep,65,1,A5,True,GANG-348,9711564033
860,149,Triveni Zacharia,22,2,A5,True,GANG-244,02895322380
861,248,Jyoti Dhingra,51,2,A4,False,,9012584629
862,791,Girindra Nanda,47,2,A4,False,,9997233379
863,118,Yashodhara Wagle,53,2,A4,False,,00334553219
864,562,Chaaya Upadhyay,69,1,A1,False,,1808427111
865,375,Jeevika Chaudhry,32,1,A2,False,,02125861045
866,51,Nicholas Mahajan,25,1,A2,True,GANG-379,4564961832
867,323,Qarin Vyas,63,1,A5,False,,+912936633963
868,880,Jagdish Purohit,51,1,A5,False,,5916988575
869,721,Oviya Sahota,40,2,A5,True,GANG-479,+919852887034
870,465,Champak Koshy,58,1,A1,False,,09293382598
871,349,Lila Peri,66,1,A1,True,GANG-101,+910264547843
872,367,Tristan Bhakta,50,1,A5,True,GANG-520,07699764891
873,461,Vanya Sangha,33,1,A4,False,,+910913474088
874,343,Dominic Manda,42,2,A5,False,,0492663248
875,247,Laban Mital,68,1,A1,False,,+916967473770
876,313,Yamini Sehgal,57,1,A4,False,,+912668501270
877,576,Vyanjana Korpal,32,2,A4,False,,01440869979
878,834,Aashi Savant,46,1,A4,True,GANG-372,9036038143
879,245,Aadi Setty,53,1,A4,False,,02878868310
880,353,Harshil Krishnamurthy,34,1,A5,False,,7469992793
881,123,Kashvi Butala,25,2,A3,False,,2220825640
882,619,Eesha Majumdar,30,2,A1,False,,+910521420787
883,148,Qasim Jhaveri,22,2,A2,False,,00366121586
884,134,Urvi Ramakrishnan,67,2,A4,True,GANG-270,+917301684826
885,523,Ekaja Krish,29,1,A4,False,,3702363671
886,112,Dev Krish,60,1,A1,False,,+913989700080
887,895,Yadavi Swamy,32,1,A4,False,,01672479992
888,742,Hemani Vig,36,1,A1,True,GANG-876,4067943133
889,742,Vinaya Saini,48,2,A2,False,,9358142594
890,188,Bhavna Sastry,19,1,A5,False,,05880670866
891,719,Kabir Misra,43,2,A4,False,,02952806456
892,950,Lavanya Iyengar,49,2,A5,False,,+917464561433
893,735,Abdul Sura,69,1,A1,False,,5298904561
894,911,Karan Dhawan,48,2,A1,False,,1212225289
895,892,Rishi Sachdev,41,2,A1,False,,09816483418
896,842,Anamika Shenoy,68,2,A2,True,GANG-379,01607260592
897,343,Oeshi Kulkarni,54,2,A5,True,GANG-403,03155681662
898,315,Indira Mittal,19,2,A3,False,,09280448937
899,68,Gopal Tank,61,1,A5,False,,05565025563
900,318,Ijaya Modi,56,1,A3,False,,+917792325194
901,868,Lipika Ramanathan,41,1,A2,False,,4678378112
902,237,Irya Butala,62,1,A4,False,,4493952439
903,988,Zansi Sabharwal,25,1,A1,False,,+911739201864
904,875,Azaan Vala,52,1,A3,True,GANG-761,8438355109
905,106,Baljiwan Tak,60,2,A2,False,,6274285922
906,427,Vivaan Sampath,40,1,A1,False,,+914880579383
907,687,Nitara Minhas,50,2,A2,False,,08939330600
908,207,Jackson Lalla,26,2,A4,False,,+918393409563
909,23,Triveni Lata,62,1,A3,False,,03831192434
910,47,Zashil Dora,43,2,A2,False,,03066468216
911,372,Nirja Seshadri,50,1,A2,False,,3242182166
912,384,Akshay Mane,44,1,A2,False,,+910459520750
913,684,Jack Ratta,64,1,A1,True,GANG-761,3204238940
914,318,Vedant Mitra,41,1,A4,False,,5722441942
915,161,Vinaya Raman,52,2,A5,False,,1819808641
916,77,Kiaan Chawla,59,1,A2,False,,+914402179668
917,477,Urvashi Sankaran,49,2,A3,False,,05610520397
918,539,Krishna Basak,69,1,A5,False,,5186958967
919,713,Darsh Loke,68,2,A1,False,,8071165875
920,96,Owen Gupta,50,2,A4,False,,01009369764
921,704,Timothy Lalla,47,2,A2,False,,+911549660059
922,267,Ira Datta,32,2,A5,False,,1828014666
923,988,Vinaya Bahri,57,2,A4,False,,+912301809000
924,360,Barkha Sandhu,70,1,A2,True,GANG-160,0861532195
925,62,Eiravati Sandhu,18,2,A4,False,,07674308974
926,577,Matthew Setty,58,1,A1,False,,03719633068
927,42,Omisha Patla,69,1,A2,False,,8670064020
928,121,Lekha Nayak,28,1,A5,False,,+915761517432
929,617,Pooja Sem,57,2,A4,False,,7283771539
930,328,Madhav Bath,41,2,A5,False,,05259929976
931,726,Radhika Chakrabarti,68,2,A5,False,,5556925596
932,679,Varsha Bedi,41,1,A5,False,,+916757211657
933,923,Anay Kar,52,1,A2,False,,9073621097
934,757,Gautami Gade,23,1,A5,True,GANG-229,2235593596
935,97,Charles Mann,58,1,A1,False,,+913615023380
936,389,Hredhaan Parsa,45,1,A2,False,,01252620807
937,762,Niharika Puri,24,2,A2,True,GANG-876,1631677327
938,392,Chatresh Ganesan,40,2,A5,False,,+918405272772
939,70,Saumya Tank,18,2,A3,False,,7090444529
940,535,Zayyan Mani,40,1,A4,False,,+917267128519
941,493,Ekani Golla,43,1,A2,False,,07170035720
942,945,Christopher Jain,66,2,A5,False,,07453365352
943,218,Utkarsh Bhasin,48,2,A2,True,GANG-535,5850681588
944,219,Ekalinga Kamdar,26,2,A5,False,,01751667690
945,394,Krishna Yogi,50,1,A4,False,,+915259981428
946,49,Vedika Bora,34,2,A2,False,,01279682207
947,682,Onveer Bhat,56,1,A2,True,GANG-263,6779581152
948,500,Krishna Khatri,26,1,A5,False,,01379334187
949,20,Udarsh Balan,47,1,A5,False,,6008554604
950,232,Abha Keer,32,2,A3,False,,+914769027337
951,150,Pranit Ben,21,1,A1,False,,+917354105283
952,251,Zayyan Jain,50,1,A2,True,GANG-342,+910756716400
953,406,Yasti Sabharwal,58,2,A4,True,GANG-379,09915170457
954,969,Neel Chaudry,47,2,A5,False,,02401487809
955,330,Anmol Sane,42,1,A2,False,,3058604013
956,225,Neelima Patla,68,1,A1,False,,8754920933
957,399,Hemang Prasad,63,1,A4,False,,+917740885021
958,608,Aahana Nair,50,2,A1,True,GANG-244,3077692860
959,160,Jeevika Boase,49,1,A2,False,,+914612873490
960,653,Rachit Dugar,26,1,A3,False,,7924043963
961,402,Max Mani,24,1,A2,False,,+919048455000
962,409,Anay Mishra,69,1,A2,False,,4058493243
963,33,Viraj Krish,42,1,A5,False,,2249687976
964,120,Meera Sen,63,1,A2,False,,+916789885319
965,712,Advaith Pai,23,2,A2,True,GANG-230,01292951782
966,709,Faris Kuruvilla,42,2,A4,False,,+912974799618
967,534,Gavin Nanda,36,1,A3,False,,+911104978115
968,720,Nisha Mahal,38,2,A5,False,,8949732860
969,780,Forum Tank,51,1,A3,True,GANG-466,01220483604
970,793,Samesh Bhat,33,1,A5,False,,0775713713
971,671,Aahana Dua,60,2,A4,False,,0804539368
972,233,Tanveer Warrior,21,2,A4,False,,2809068781
973,578,Baljiwan Ghosh,56,1,A1,False,,+919092589552
974,751,Dalaja Babu,26,1,A2,False,,09779873687
975,559,Girish Bumb,23,1,A3,False,,7625353453
976,741,Zashil Sodhi,32,1,A3,False,,9640944733
977,544,Jai Loyal,26,1,A5,False,,+916992493285
978,872,Janya Chaudhary,51,2,A3,True,GANG-230,+918834469051
979,80,Chaaya Gupta,48,1,A5,False,,06894283398
980,188,Warda Gour,58,1,A5,False,,03397400347
981,781,Hemal Nigam,40,2,A3,False,,+914822039321
982,521,Atharv Chokshi,66,2,A2,False,,04900079270
983,498,Niharika Sinha,53,2,A3,False,,+912123805951
984,943,Hiral Brar,29,2,A1,False,,1440022184
985,995,Priya Morar,54,2,A1,False,,8342825488
986,764,Ekiya Jha,46,1,A4,False,,+911395004980
987,797,Ekanta Swamy,30,2,A4,False,,2192183862
988,136,Karan Shroff,33,1,A3,True,GANG-859,2453465102
989,684,Girish Cherian,39,1,A2,False,,5483978838
990,276,Pranav Gara,43,1,A5,False,,+918282175153
991,25,Aishani Majumdar,60,1,A5,False,,+912560000667
992,98,Qabil Gade,62,1,A2,False,,04070779975
993,173,Sai Warrior,40,2,A5,True,GANG-506,+918209060543
994,638,Omkaar Balan,19,2,A3,False,,7917457239
995,152,Qarin Wali,40,2,A4,False,,8286865466
996,822,Idika Tandon,51,2,A1,True,GANG-823,7519208805
997,703,Qushi Jani,48,1,A2,True,GANG-547,0493499504
998,578,Devansh Kurian,24,2,A4,False,,+911766135761
999,932,Hema Wason,67,2,A1,False,,03861698896
1000,418,Amara Munshi,63,2,A4,False,,+910959450329
1001,863,Netra Ahuja,63,1,A1,False,,+919590471095
1002,167,Rushil Khanna,47,1,A3,False,,08150816433
1003,164,Manan Prashad,25,2,A2,False,,09115134858
1004,119,Yashodhara Kaul,44,1,A1,True,GANG-876,9917439378
1005,343,Rajata Sem,29,1,A4,False,,9603638278
1006,482,Devika Mall,70,2,A3,False,,1135121616
1007,82,Oeshi Khatri,23,1,A1,False,,04670310125
1008,392,Eshana Palla,22,1,A3,False,,8618742241
1009,273,Ranveer Khare,56,1,A4,False,,+918235627792
1010,634,Abeer Ahuja,60,2,A3,False,,1878387147
1011,630,Ansh Sagar,21,1,A2,False,,02745563807
1012,905,Hamsini Sarma,37,1,A4,False,,6455200360
1013,371,Charles Naik,18,1,A1,False,,3957730105
1014,431,Yashasvi Shukla,38,1,A1,False,,+912259546234
1015,843,Caleb Sama,54,2,A2,False,,05585472417
1016,79,Utkarsh Bora,32,1,A1,False,,08666779522
1017,586,Harsh Loke,38,1,A2,False,,6057345091
1018,190,Charan Mohan,69,2,A3,False,,4586708934
1019,840,Wahab Nath,49,1,A4,False,,8420398457
1020,943,Jagrati Kalla,51,2,A5,False,,5060243239
1021,749,Rachit Misra,40,2,A5,False,,02810536554
1022,610,Samaksh Nagarajan,31,1,A1,False,,05793092885
1023,996,Nitara Ahluwalia,39,2,A3,False,,02099678320
1024,914,Gopal Keer,45,2,A5,False,,+914172699347
1025,337,Yashvi Dua,22,1,A5,False,,+916130251469
1026,263,Zayyan Ahluwalia,30,1,A2,True,GANG-155,1223637543
1027,377,Henry Kaur,65,1,A1,True,GANG-556,04764005982
1028,779,Sai Boase,25,2,A2,True,GANG-342,1364181638
1029,875,Widisha Manda,25,1,A3,False,,7948116225
1030,402,Jeet Pathak,41,2,A5,False,,4815891864
1031,333,Qarin Bedi,59,2,A2,False,,+918478758390
1032,331,Simon Arya,33,1,A5,False,,1560324757
1033,745,Manbir Majumdar,47,2,A1,False,,05279111382
1034,139,Raghav Mohan,35,1,A4,False,,03637364112
1035,206,Chakrika Goda,47,2,A3,True,GANG-856,+918555085388
1036,86,Abhiram Sule,70,1,A1,False,,07240510955
1037,597,Mugdha Sankar,22,2,A2,False,,+915549305362
1038,959,Raagini Khatri,42,1,A5,False,,+918939842412
1039,999,Bhavika Mittal,66,2,A4,False,,+917346146758
1040,113,Ekavir Saxena,61,2,A4,False,,+910659069079
1041,505,Lopa Jain,44,1,A2,False,,2853379273
1042,978,Zansi Bhattacharyya,65,2,A5,True,GANG-270,02449078359
1043,509,Anamika Kaur,58,2,A3,False,,02979343146
1044,294,Kai Bawa,69,1,A3,False,,5441247850
1045,642,Zinal Bose,50,2,A1,False,,5054114903
1046,753,Pooja Kapadia,26,2,A3,False,,06446125082
1047,179,Vrishti Jha,38,1,A5,True,GANG-856,2156444011
1048,777,Prisha Kade,23,1,A2,False,,3258468999
1049,586,Forum Tara,24,2,A3,False,,0273962833
1050,82,Jairaj Kurian,43,1,A5,False,,7548920404
1051,98,Sanaya Setty,27,2,A2,False,,+911962896498
1052,898,Frado Thaman,67,1,A1,False,,+914075309028
1053,457,Maanas Kari,60,1,A1,False,,01315522468
1054,370,Hemangini Majumdar,42,2,A4,False,,+913184605435
1055,315,Ekaja Gaba,41,1,A4,False,,+910762907087
1056,469,Bhavini Srivastava,33,1,A5,True,GANG-372,07999598553
1057,982,Jyoti Sridhar,65,1,A1,False,,04648825609
1058,40,Jeremiah Sen,61,2,A2,True,GANG-160,6092147752
1059,49,Gagan Sane,67,2,A5,False,,+914598217810
1060,261,Hitesh Aggarwal,26,2,A4,False,,+917994563232
1061,469,Ranbir Pingle,26,1,A3,False,,6892141884
1062,254,Upasna Majumdar,60,2,A1,False,,+911558055627
1063,771,Tamanna Yogi,60,2,A5,True,GANG-597,3208683677
1064,754,Watika Dua,46,2,A3,False,,05746967580
1065,279,Hardik Oommen,59,1,A5,True,GANG-292,3406722426
1066,138,Ishani Pall,46,1,A4,False,,6823361793
1067,893,Jeremiah Saxena,34,2,A2,True,GANG-520,8820835904
1068,904,Damyanti Sanghvi,70,2,A2,False,,8837949407
1069,566,Warjas Sanghvi,64,2,A2,False,,+919970494235
1070,92,Bhanumati Ram,63,2,A5,False,,5270866968
1071,511,Unni Dugal,52,2,A3,False,,00173677763
1072,184,Bahadurjit Bahl,43,1,A2,False,,8377391570
1073,756,Chakradhar Butala,36,2,A4,True,GANG-372,9188507340
1074,958,Ijaya Acharya,47,2,A2,True,GANG-160,+912201203364
1075,601,Dev Dua,25,1,A5,False,,01254609008
1076,991,Zarna Narayanan,68,1,A2,False,,2138414003
1077,26,Nikita Deo,62,1,A2,True,GANG-535,+918094774732
1078,345,Ladli Borah,46,1,A5,False,,+911982562507
1079,810,Upadhriti Das,57,2,A3,False,,+918165984771
1080,14,Avni Tailor,52,2,A4,True,GANG-572,+916245835889
1081,634,Tanveer Lata,35,1,A4,False,,04657770213
1082,637,Aahana Roy,70,1,A2,True,GANG-556,3181067934
1083,119,Sai Dalal,43,1,A1,True,GANG-467,8276527570
1084,939,Arjun Mittal,24,2,A2,True,GANG-245,+911599617288
1085,72,Mahika Mann,19,1,A5,False,,02448647778
1086,310,Anika Mane,62,1,A5,False,,09692375338
1087,762,Diya Suri,48,1,A5,False,,3825642033
1088,356,Bina Parikh,48,2,A4,False,,8849781568
1089,814,Tanmayi Seshadri,21,1,A5,False,,+914678194890
1090,978,Upadhriti Swaminathan,18,2,A3,False,,+912424769321
1091,870,Chanchal Sachdev,34,2,A3,False,,03175178694
1092,129,Charvi Dara,22,1,A5,False,,+918070238000
1093,13,Dalbir Subramaniam,39,1,A2,False,,2381555743
1094,427,Neel Barad,31,2,A5,True,GANG-160,7596157908
1095,434,Rajeshri Pillay,60,1,A3,True,GANG-466,7666348081
1096,922,Widisha Rajagopalan,31,1,A3,True,GANG-155,0574095157
1097,695,Onkar Banik,42,1,A2,False,,2681406897
1098,587,Yashodhara Lad,59,1,A1,False,,00125010745
1099,769,Jacob Iyengar,49,1,A5,True,GANG-558,07723774939
1100,115,Sai Sachdev,50,1,A1,True,GANG-379,00557265990
1101,165,Abhiram Arya,55,2,A2,False,,1541351736
1102,281,Nihal Khanna,49,2,A4,True,GANG-342,06458963349
1103,365,Ishanvi Narain,27,2,A4,False,,06850026272
1104,30,Ubika Modi,56,1,A3,False,,+919000836119
1105,755,Udarsh Morar,20,1,A1,False,,2769145991
1106,420,Jeet Gala,66,2,A1,False,,09284644448
1107,576,Nakul Chahal,56,1,A2,False,,+916598074061
1108,728,Baljiwan Subramaniam,31,2,A4,False,,+915180333139
1109,61,Bahadurjit Agate,22,2,A3,True,GANG-597,2017986275
1110,98,Qabil Sehgal,29,1,A1,False,,+911525949040
1111,318,Wriddhish Saini,58,1,A4,False,,08082227863
1112,156,Timothy Mahal,34,2,A3,False,,08094863818
1113,868,Gopal Sankaran,43,2,A4,False,,7040254786
1114,169,Sathvik Gokhale,60,2,A5,False,,02347357008
1115,761,Ojasvi Chada,69,1,A4,True,GANG-479,+910247529481
1116,563,Triya Choudhury,61,1,A1,False,,+917923784955
1117,711,Udyati Keer,21,2,A1,False,,+916187711907
1118,374,Indali Dara,64,2,A1,True,GANG-812,03585758465
1119,259,Udarsh Kashyap,52,2,A1,False,,3580246732
1120,177,Faraj Batra,45,2,A3,True,GANG-466,+914909973873
1121,363,Anay Srinivasan,28,1,A1,False,,08215044234
1122,59,Krishna Zacharia,39,1,A1,True,GANG-366,6383737537
1123,192,Urishilla Pandya,38,1,A4,False,,04169358686
1124,747,Qushi Sathe,63,1,A5,False,,2449485642
1125,978,Chaman Tiwari,19,1,A2,True,GANG-890,4101045819
1126,563,Oeshi Walia,38,1,A4,False,,02731447407
1127,107,Nakul Dhar,48,2,A3,False,,05045360523
1128,206,David Mangal,28,2,A3,True,GANG-556,+913809693636
1129,445,Naveen Mittal,46,1,A5,False,,9794210383
1130,343,Chasmum Garg,24,1,A3,False,,05977888102
1131,112,Lakshmi Kakar,56,2,A5,False,,9607701832
1132,14,Lavanya Mani,70,1,A5,False,,00300188412
1133,602,Advik Parikh,32,2,A4,False,,9825021733
1134,610,Shravya Kothari,57,2,A3,False,,05367685689
1135,502,Waida Som,46,1,A2,False,,5011332910
1136,343,Daksh Halder,38,2,A3,False,,08354997985
1137,551,Damyanti Chaudry,18,2,A5,False,,9409784999
1138,164,Aadi Kumer,69,2,A2,False,,2222388228
1139,226,Varsha Mittal,24,2,A5,False,,3142365944
1140,187,Sai Sidhu,39,2,A4,False,,8097042061
1141,619,Gabriel Nagi,65,1,A1,False,,1738940911
1142,935,Chandani Chaudry,34,2,A5,False,,+915413585769
1143,851,Chanakya Ramaswamy,33,1,A3,False,,05394612251
1144,69,Harini Chaudhary,37,2,A2,False,,1895464452
1145,110,Bahadurjit Wable,33,2,A3,True,GANG-942,7178018664
1146,891,Vyanjana Badal,66,2,A3,False,,6113654956
1147,325,Neel Dhillon,55,1,A5,False,,08884735843
1148,915,Quincy Madan,59,2,A5,False,,0906413643
1149,926,Ayush Saha,55,1,A4,False,,4678042159
1150,267,Warda Kamdar,64,2,A4,False,,01922421654
1151,705,Anjali Chand,69,1,A2,False,,+913746313271
1152,569,Charita Kadakia,62,1,A4,False,,07345692394
1153,62,Maya Chowdhury,48,2,A5,True,GANG-859,7617336522
1154,107,Yasti Ahuja,54,2,A4,False,,01261305883
1155,564,Advay Bath,26,2,A2,False,,1959287767
1156,813,Ishaan Goel,30,2,A2,False,,05511614805
1157,271,Leela Parsa,18,1,A1,False,,+915946815231
1158,579,Charita Cheema,43,1,A3,True,GANG-558,2320309360
1159,739,Pratyush Kapadia,30,2,A3,False,,+913191583912
1160,353,Zaitra Shetty,30,1,A2,True,GANG-101,6099748996
1161,856,Jai Uppal,59,1,A4,False,,1172146420
1162,535,Gaurang Bala,34,2,A2,True,GANG-812,7184904566
1163,762,Nikita Rana,54,1,A2,False,,01742601188
1164,250,Vedika Dugar,22,1,A1,False,,07975273465
1165,802,Ikshita Chana,31,1,A5,False,,9845119205
1166,936,Aarav Menon,35,1,A1,False,,6072056569
1167,162,Mekhala Garde,68,1,A4,False,,03038951892
1168,10,Ridhi Sangha,32,2,A3,False,,05444089437
1169,59,Tamanna Master,42,1,A3,False,,+919769829285
1170,678,Maya More,57,2,A4,True,GANG-556,2127092239
1171,792,Ranveer Sandhu,56,1,A5,True,GANG-520,4703715912
1172,814,Abhimanyu Bassi,61,2,A3,False,,1664105375
1173,434,Waida Vora,21,2,A4,False,,04591219841
1174,284,Yachana Narayan,65,1,A1,False,,05888171446
1175,882,Bhavini Dugal,66,1,A1,True,GANG-263,01157578505
1176,566,Guneet Patla,22,2,A1,True,GANG-545,1768771904
1177,979,Kashish Contractor,66,2,A2,False,,3202767498
1178,181,Unni Ahluwalia,18,1,A2,True,GANG-890,+918726529703
1179,394,Hredhaan Varughese,42,2,A1,False,,+917481624306
1180,499,Dhruv Dani,24,1,A5,False,,+911413001758
1181,41,Peter Khatri,54,1,A1,False,,7589314669
1182,21,Yatan Sandal,67,2,A4,False,,8715143965
1183,64,Nikita Ratta,67,2,A5,False,,+913452384692
1184,421,Balhaar Dyal,42,2,A5,False,,6888130416
1185,981,Rachana Chakraborty,49,2,A1,True,GANG-528,4880294779
1186,680,Amaira Patla,60,2,A1,True,GANG-229,01836019083
1187,971,Fitan Srinivasan,23,2,A2,True,GANG-558,4141904729
1188,24,Jagdish Karnik,62,1,A4,True,GANG-528,3016445223
1189,693,Victor Andra,18,2,A2,False,,0792358428
1190,570,Bimala Prashad,44,2,A5,False,,00789022533
1191,461,Yashawini Banik,57,2,A2,False,,+916856548992
1192,84,Bhavna Mody,31,2,A1,False,,+917611029500
1193,590,Hemani Baria,24,1,A5,False,,+916060975244
1194,502,Manbir Som,37,1,A2,False,,+918987705467
1195,556,Henry Sridhar,32,2,A1,False,,8942435950
1196,81,Gagan Rama,34,2,A5,False,,08121235161
1197,217,Timothy Dixit,38,1,A2,False,,9164056054
1198,626,Pranav Shroff,25,1,A4,False,,+912691022771
1199,290,Hemani Nagy,41,2,A3,False,,0468592399
1200,251,Reva Bera,27,1,A4,False,,08078181693
1201,93,Vinaya Shukla,45,2,A5,False,,9331479445
1202,569,Unnati Ray,63,2,A5,False,,02631730638
1203,369,Isaac Lal,24,1,A5,True,GANG-823,+911592073140
1204,775,Udyati Babu,54,2,A5,True,GANG-229,05016402334
1205,107,Gunbir Karpe,49,1,A4,True,GANG-535,1456396051
1206,67,Bachittar Bassi,65,2,A2,False,,07045941738
1207,140,Priya Sinha,19,1,A2,False,,2936471427
1208,294,Eta Deo,33,2,A4,True,GANG-558,+911144068367
1209,945,Michael Mitter,57,1,A1,True,GANG-545,04303417640
1210,275,Aahana Vasa,33,2,A4,False,,5682449503
1211,137,Warinder Balasubramanian,45,2,A5,False,,8125869799
1212,423,Anita Rege,51,2,A3,False,,+911211668225
1213,705,Nicholas Narasimhan,23,2,A5,False,,+919227422060
1214,658,Nathan Narang,26,2,A2,True,GANG-212,+911434982759
1215,484,Gautam Soman,27,2,A2,False,,+912952410306
1216,942,Zinal Batra,51,1,A4,False,,4288115118
1217,768,Tanveer Bir,58,2,A2,False,,5036497925
1218,587,Sara Chowdhury,59,2,A5,False,,+910207079279
1219,503,Janani Salvi,63,1,A4,False,,+916171033012
1220,426,Rehaan Mand,40,2,A2,False,,01086907964
1221,397,Chasmum Gaba,29,2,A3,False,,04038587301
1222,589,Wishi Kibe,19,1,A4,True,GANG-292,01855914000
1223,680,Sathvik Walla,20,1,A3,False,,5561016859
1224,448,Damini Merchant,19,2,A2,True,GANG-572,+917680344400
1225,171,Omkaar Dhar,66,2,A5,True,GANG-528,00733004274
1226,675,Abeer Prabhu,56,1,A1,False,,00901532242
1227,928,Advay Dalal,60,1,A5,False,,07927665247
1228,135,Atharv Raval,69,1,A4,True,GANG-859,+919060656947
1229,843,Madhavi Ganguly,19,1,A2,False,,+918705973746
1230,859,Jasmit Pradhan,34,1,A5,False,,+912072156735
1231,509,Qabil Khare,55,2,A1,False,,+915369771075
1232,695,Tristan Bandi,59,1,A5,False,,+910488125695
1233,594,Chatura Bedi,68,1,A1,False,,02421641523
1234,746,Leela Menon,44,2,A3,False,,3570649556
1235,17,Tara Arya,59,1,A3,False,,+915523141008
1236,661,Gaurav Seshadri,18,1,A4,False,,7220441628
1237,581,Netra Rout,47,1,A3,False,,+919615063477
1238,779,Ekbal Ramesh,41,2,A2,False,,04316719799
1239,655,Balveer Dora,65,2,A2,True,GANG-155,+919197418359
1240,734,Laksh Chowdhury,58,2,A5,True,GANG-535,+917068591999
1241,589,Vivaan Wali,24,1,A2,False,,+914301295217
1242,100,Laban Deshpande,54,1,A1,False,,02456961513
1243,56,Akshay Swaminathan,56,2,A3,False,,00006617238
1244,544,Yashawini Sama,24,1,A1,False,,2439672175
1245,93,Vedhika Dubey,56,2,A4,False,,+918362407015
1246,481,Mugdha Devi,34,2,A4,False,,1264397000
1247,890,Saanvi Nagar,19,1,A3,False,,5282628103
1248,134,Balhaar Dar,35,1,A1,False,,2537608891
1249,121,Vincent Varghese,47,2,A4,False,,+913145353601
1250,124,Farhan Bakshi,35,2,A1,True,GANG-506,+918204015858
1251,717,Ekansh Naik,31,1,A2,False,,+913885374816
1252,386,Forum Chacko,64,2,A2,False,,+916872130989
1253,73,Amrita Parmar,30,2,A2,False,,+917508093196
1254,689,Ridhi Nair,61,1,A2,False,,09841000391
1255,888,Gayathri Mannan,66,2,A2,False,,03993978222
1256,561,Devansh Brar,65,1,A3,False,,+910901400003
1257,319,Jeet Chaudhry,62,2,A4,False,,3875638166
1258,346,Jagat Jani,32,2,A3,False,,8667522699
1259,95,Aarav Loyal,40,2,A3,False,,01800595547
1260,180,Harinakshi Goda,69,1,A1,False,,+919206772675
1261,506,Sudiksha Zacharia,38,2,A1,False,,01501804636
1262,170,Rehaan Sarkar,54,1,A1,False,,06373083287
1263,849,Krisha Subramaniam,37,2,A2,False,,03179933573
1264,799,Jackson Iyengar,21,2,A2,False,,+910958602145
1265,963,Avni Banik,44,2,A1,False,,03832040755
1266,493,Jasmit Bhardwaj,22,2,A2,False,,06818171819
1267,851,Balhaar Toor,20,2,A2,False,,5944748323
1268,719,Ishani Acharya,45,1,A3,True,GANG-843,+917294978068
1269,58,Nikita Lalla,67,2,A1,False,,+917823072846
1270,182,Yadavi More,59,2,A2,False,,+916446428942
1271,579,Gaurav Bava,26,1,A3,False,,01722908867
1272,723,Kamya Nanda,68,1,A1,False,,+916421129432
1273,590,Tamanna Mital,19,1,A1,True,GANG-230,9882531916
1274,515,Omisha Dubey,48,1,A4,False,,3281208767
1275,1000,Yashica Goswami,33,1,A1,False,,3894332555
1276,520,Ria Morar,19,1,A2,True,GANG-545,3963317712
1277,664,Chatresh Lad,42,2,A4,False,,+911456044037
1278,769,Thomas Guha,65,1,A4,False,,+917594165347
1279,769,Meera Bhatnagar,44,2,A3,False,,5110076571
1280,212,Sai Vala,44,2,A2,False,,+914901668378
1281,338,Gaurangi Borde,40,1,A1,True,GANG-342,+913243738568
1282,642,Damini Sen,58,2,A3,False,,03934253162
1283,227,Yatin Pandya,42,2,A2,False,,05065049544
1284,872,Gaurika Ramachandran,37,2,A4,False,,05891782388
1285,142,Praneel Shenoy,36,2,A4,False,,09300427238
1286,976,Wahab Bhatti,40,1,A2,False,,+913478045549
1287,790,Kalpit Ramachandran,41,2,A5,False,,3834200734
1288,295,Vivaan Kamdar,24,1,A4,True,GANG-160,+914470894080
1289,747,Raksha Boase,38,1,A5,False,,+919887293945
1290,571,Isaac Dhar,47,1,A5,False,,06879282901
1291,400,Banjeet Sanghvi,54,1,A1,False,,06431772203
1292,642,Isha Johal,20,1,A4,False,,05384031815
1293,198,Samesh Mukherjee,44,1,A5,True,GANG-270,9393707995
1294,294,Tamanna Srinivasan,39,2,A2,True,GANG-466,+918019716450
1295,131,Alka Subramanian,67,1,A3,False,,04655674191
1296,272,Rudra Dubey,20,2,A2,False,,07773123282
1297,382,Yagnesh Bhatti,33,1,A2,False,,7354914193
1298,957,Lipika Narasimhan,52,1,A3,False,,+914632302462
1299,378,Ethan Kibe,29,2,A3,False,,+913899136822
1300,439,Irya Talwar,32,1,A2,True,GANG-535,00429880106
1301,255,Azaan Sur,37,1,A4,False,,+918975154568
1302,706,Maanav Koshy,53,2,A5,False,,03654886932
1303,958,Arin Keer,25,2,A4,False,,07375366104
1304,946,Nidhi Kashyap,59,1,A5,False,,01833784886
1305,40,Vedhika Kothari,32,1,A4,False,,+910920108273
1306,5,Triya Kapoor,66,2,A4,True,GANG-558,4783607927
1307,831,Niharika Boase,59,2,A4,True,GANG-467,2239769999
1308,835,Daksh Narang,28,1,A3,False,,7720704210
1309,331,Sneha Sachar,31,2,A4,False,,04849611016
1310,581,Vinaya Taneja,29,2,A1,False,,+914442959041
1311,8,Ekavir Kothari,59,2,A2,False,,03473220882
1312,612,Xalak Varkey,52,1,A3,False,,00478097537
1313,429,Jagvi Mukherjee,35,2,A4,False,,02377989557
1314,667,Darika Kunda,56,1,A1,False,,+917716920070
1315,401,Advay Dugal,37,1,A2,False,,+919035502817
1316,6,Chatresh Nayak,50,2,A2,True,GANG-547,+915161981589
1317,261,Yatan Tata,45,1,A4,True,GANG-229,05107621976
1318,634,Bina Dugar,40,1,A4,True,GANG-740,+910297178532
1319,582,Arunima Cherian,37,2,A3,True,GANG-155,05976768830
1320,300,Ekanta Natt,24,1,A4,False,,01884842493
1321,545,Vedhika Master,28,1,A1,True,GANG-876,+911140404325
1322,561,Udyati Tiwari,40,2,A4,False,,6535003902
1323,7,Ati Oak,60,1,A2,False,,+916130144399
1324,282,Hemangini Rege,29,2,A3,False,,+919277448160
1325,216,Vrinda Bawa,33,1,A4,True,GANG-403,+916731223720
1326,113,Jhalak Sahni,32,2,A2,False,,08825373564
1327,591,Kashish Swamy,53,1,A1,True,GANG-244,3439640927
1328,988,Damyanti Date,67,2,A3,False,,8583234565
1329,769,Nidhi Thakur,39,2,A5,True,GANG-467,+912991119443
1330,290,Azaan Talwar,45,2,A2,False,,01290440923
1331,271,Joshua Ram,47,1,A2,True,GANG-229,7494562540
1332,301,Raksha Mammen,32,2,A3,False,,1701544851
1333,343,Raksha Parekh,48,2,A1,False,,02570206282
1334,761,Devansh Chaudhary,62,2,A2,False,,+916199923681
1335,926,Samar Nayak,69,2,A5,False,,+912326978913
1336,8,Chaman Luthra,25,1,A5,False,,4831085798
1337,563,Theodore Narasimhan,56,1,A2,False,,+912039528572
1338,175,Atharv Singh,66,2,A2,True,GANG-876,3841512541
1339,603,Falguni Soni,19,2,A3,False,,3044621916
1340,396,Chatura Mani,57,1,A4,False,,3436693379
1341,76,Shivani Bhargava,46,2,A4,False,,03274225217
1342,372,Saksham Bhagat,64,1,A3,False,,4191351638
1343,299,Dayamai Wali,36,2,A5,False,,05940480613
1344,535,Omisha Parekh,36,1,A2,False,,2880239846
1345,660,Pranit Mittal,57,2,A5,False,,5934373023
1346,14,Ansh Mander,50,2,A5,False,,01351907484
1347,56,Krisha Chanda,47,2,A1,True,GANG-740,+915375877330
1348,137,Pavani Bail,36,2,A3,True,GANG-276,+914535822328
1349,379,Atharv Barman,40,2,A5,False,,+917315060626
1350,943,Balendra Sampath,52,2,A4,True,GANG-403,03082172015
1351,681,Falak Nagi,53,1,A3,False,,7798058455
1352,304,Tara Kanda,36,1,A3,False,,+917361814789
1353,663,Amruta Bhattacharyya,52,2,A3,False,,+914524772030
1354,808,Warda Rau,28,2,A3,False,,9111342705
1355,568,Aarna Karnik,70,2,A4,False,,08764353946
1356,924,Janani Seth,38,1,A2,False,,7170376822
1357,816,Charles Barad,68,2,A3,True,GANG-506,07525491029
1358,476,Yashica Kunda,35,2,A2,False,,1652582419
1359,587,Victor Pau,47,2,A5,False,,6644547156
1360,819,Alka Kohli,70,2,A2,False,,+914419288541
1361,603,Chakrika Divan,69,2,A4,False,,+919881338636
1362,200,Watika Sastry,29,1,A5,False,,7020375101
1363,744,Udant Samra,36,2,A4,True,GANG-537,3379842503
1364,393,Yauvani Tandon,18,1,A4,False,,+912199966930
1365,847,Widisha Bhalla,22,1,A1,False,,07182925015
1366,242,Krishna Chada,45,2,A2,True,GANG-229,4698847116
1367,825,Ekanta Kaul,54,1,A1,False,,0284013951
1368,791,Manbir Misra,39,2,A4,False,,+912822216576
1369,482,Robert Chahal,42,2,A5,True,GANG-467,+913885595008
1370,939,Ojasvi Deshmukh,26,1,A1,False,,01549837996
1371,575,Azad Rege,65,1,A3,False,,+917357729568
1372,860,Ekbal Issac,18,1,A3,False,,07205313597
1373,528,Chameli Iyer,69,1,A4,False,,+915049276979
1374,82,Chakradhar Sawhney,40,2,A4,False,,2226226622
1375,227,Divya Kuruvilla,24,2,A2,False,,+917686470445
1376,213,Maanav Bhasin,31,2,A5,False,,9997502293
1377,132,Yashawini Kalla,68,1,A5,False,,9840196468
1378,511,Jyoti Korpal,51,1,A4,False,,+915418420238
1379,816,Eta Ramachandran,48,2,A2,False,,+918498933786
1380,460,Indali Tank,34,1,A5,False,,5743789209
1381,363,Amrita Prabhu,20,2,A2,False,,+914162991202
1382,785,Jacob Saran,39,1,A3,True,GANG-843,+914562273613
1383,222,Lila Ahuja,62,2,A1,False,,08828239387
1384,585,Brinda Vasa,54,2,A1,False,,+913766988592
1385,876,Anvi Ganesh,47,1,A2,True,GANG-230,0901484270
1386,570,Faraj Agate,55,1,A3,False,,4149367227
1387,973,Timothy Puri,47,1,A5,False,,6473639483
1388,666,Lohit Walla,65,2,A5,False,,5061437591
1389,286,Lajita Ganguly,52,1,A3,False,,+918457512374
1390,204,Faras Narasimhan,70,2,A1,False,,7115188909
1391,328,Hiral Ramanathan,32,1,A5,True,GANG-230,02340162503
1392,556,Widisha Dubey,30,1,A2,False,,+916960035961
1393,194,Nikita Kannan,62,2,A4,True,GANG-342,5000189510
1394,337,Yug Dugar,24,2,A5,False,,7095803926
1395,692,Xavier Sarna,28,2,A4,True,GANG-270,09269981847
1396,313,George Din,23,2,A3,False,,09383783090
1397,91,Lucky Sane,21,2,A5,False,,09231540922
1398,419,Frederick Borah,44,1,A1,False,,7089789546
1399,656,Elijah Hayer,40,1,A3,False,,00206103354
1400,169,Nihal Lal,55,2,A3,False,,7048517534
1401,631,Barkha Sagar,43,2,A2,False,,05919803900
1402,282,Liam Bhatnagar,42,1,A1,False,,01064442394
1403,437,Darpan Raja,59,2,A1,False,,09192101815
1404,926,Aryan Arya,28,2,A2,False,,+917247804366
1405,831,Charan Yogi,28,2,A5,False,,+918881057825
1406,449,Saksham Saini,56,2,A2,False,,5179485205
1407,524,Lucky Hans,44,2,A4,False,,03367950365
1408,657,Urvi Sama,69,1,A4,False,,+917846650805
1409,326,Ekansh Bhatt,60,2,A1,False,,+919911818817
1410,286,Qabil Tandon,63,2,A1,False,,+913936463154
1411,932,Sathvik Choudhury,61,2,A2,True,GANG-833,+919010763763
1412,268,Karan Chaudhari,55,2,A5,False,,+919879913733
1413,318,Tripti Sankaran,68,1,A5,False,,4832158373
1414,487,Samuel Ghosh,65,1,A2,True,GANG-292,09601234842
1415,383,Peter Thakur,51,2,A5,False,,+919723773783
1416,157,Peter Varma,49,1,A2,False,,2660482642
1417,87,Anika Sarma,64,2,A5,False,,0450543833
1418,930,Teerth Loyal,23,1,A2,False,,+910569272913
1419,554,Chakradev Raj,30,1,A5,False,,09786525886
1420,780,Joshua Chakraborty,69,1,A4,True,GANG-270,+914347953923
1421,572,Harinakshi Krishnan,30,2,A2,False,,7021251170
1422,61,Hredhaan Chadha,34,1,A4,True,GANG-244,+915533479562
1423,934,Jagvi Parikh,40,2,A3,False,,01129622374
1424,298,Zansi Balakrishnan,48,2,A2,False,,00445220516
1425,138,Radhika D’Alia,36,1,A3,False,,4863591352
1426,441,Aadi Deol,55,2,A5,True,GANG-535,+919688717129
1427,618,Pallavi Gade,47,2,A2,False,,4076539541
1428,687,Sneha Chatterjee,60,1,A2,True,GANG-229,08739614002
1429,678,Logan Mani,56,1,A1,False,,+910905630239
1430,577,Harini Anand,42,2,A3,False,,+911848209981
1431,502,Rachana Raval,52,2,A1,False,,+912880291422
1432,617,Ijaya Goswami,64,2,A4,False,,4385210685
1433,370,Abha Vyas,63,1,A3,False,,5534787966
1434,44,Janaki Sawhney,28,1,A2,True,GANG-520,+911674701674
1435,222,David Uppal,30,2,A1,False,,+915956803065
1436,991,Kritika Saran,41,1,A1,False,,+912857202265
1437,417,Alka Tripathi,67,1,A1,True,GANG-155,6763458151
1438,873,Ojasvi Sawhney,26,2,A5,False,,6369099063
1439,932,Falak Palla,42,2,A2,False,,03733332734
1440,653,Mahika Bora,48,1,A1,False,,09520749591
1441,499,Megha Viswanathan,59,2,A1,False,,09029651758
1442,761,Teerth Butala,63,2,A1,False,,00311203007
1443,857,Orinder Rajagopal,54,2,A3,False,,03818753706
1444,834,Alka Kalita,43,1,A5,False,,+917653063828
1445,722,Vihaan Saini,62,2,A2,False,,03398555977
1446,781,Upma Sampath,33,2,A4,False,,+914233543025
1447,164,Geetika Gopal,19,2,A2,False,,05846017811
1448,854,Gaurika Basak,41,2,A1,False,,2477091047
1449,22,Neel Varma,21,2,A3,True,GANG-941,1222084271
1450,832,Advika Uppal,22,1,A1,True,GANG-558,8766804547
1451,213,Keya Toor,60,2,A2,False,,+916213507220
1452,352,Chaman Sathe,25,1,A2,False,,+913114717217
1453,201,Gopal Pradhan,24,2,A4,False,,+914089335983
1454,920,Michael Sunder,52,1,A1,False,,3845753603
1455,659,Yashasvi Char,23,2,A1,False,,06261791548
1456,915,Charvi Ghosh,42,1,A1,False,,+911705651870
1457,734,Niharika Ahuja,51,1,A1,False,,6501302770
1458,885,Hritik Nori,56,1,A3,False,,+919947511658
1459,722,Agastya Jani,66,2,A2,False,,+919194061188
1460,662,Aarna Comar,52,2,A5,False,,+916851376436
1461,312,Suhani Wason,56,2,A5,False,,+917646575773
1462,844,Jatin Tella,46,2,A4,False,,+917991536892
1463,568,Wyatt Wason,37,2,A2,True,GANG-312,8231919157
1464,147,Hemangini Konda,45,2,A4,False,,0239507505
1465,68,Ria Chaudhari,69,2,A5,False,,+910826950109
1466,86,Gagan Master,24,1,A2,False,,04589719924
1467,307,Thomas Basu,42,2,A4,False,,7456251477
1468,728,Vincent Hayer,19,2,A3,False,,+914199716846
1469,47,Vritti Bedi,61,1,A2,False,,09010205542
1470,495,Zayyan Wason,30,2,A1,True,GANG-876,+913185189204
1471,961,Girindra Dash,68,2,A2,False,,+918987649530
1472,650,Baljiwan Pandya,23,1,A5,False,,08437206892
1473,638,Reva Chhabra,29,2,A5,False,,09082955105
1474,131,Daksha Jaggi,47,2,A3,False,,6011969635
1475,896,Chasmum Bhalla,45,1,A1,False,,+917324922156
1476,671,Vasatika Pant,57,2,A1,True,GANG-528,9537390149
1477,677,Anya Bhatt,47,2,A1,False,,+911043733398
1478,514,Zashil Saxena,50,2,A5,False,,+919938550911
1479,271,Bahadurjit Vyas,19,2,A2,False,,+915011506906
1480,647,Waida More,51,2,A4,False,,1385280479
1481,30,Jacob Mishra,55,2,A1,False,,+919649230320
1482,623,Yadavi Mital,22,1,A1,False,,05342724483
1483,498,Chandresh Mukhopadhyay,55,2,A1,False,,+912033308734
1484,159,Christopher Bath,51,1,A3,False,,05547659030
1485,848,Kai Seshadri,66,2,A5,False,,03532481177
1486,738,Nathaniel Pathak,62,1,A4,False,,9541158417
1487,345,Shravya Cherian,52,2,A4,True,GANG-229,02784303710
1488,64,Chakradhar Balasubramanian,32,1,A2,False,,09035177866
1489,875,Nirja Nadkarni,65,2,A5,True,GANG-342,1758972892
1490,914,Shivansh Sinha,45,2,A1,False,,+912343833564
1491,301,Nitara Doshi,37,2,A3,True,GANG-812,1633457377
1492,201,Ijaya Sant,56,2,A2,False,,2809350594
1493,770,Harinakshi Swaminathan,38,1,A3,False,,+914371053314
1494,723,Vedhika Mishra,69,1,A3,True,GANG-545,7105471437
1495,33,Jack Narayanan,43,2,A2,False,,+919063185954
1496,812,Abeer Sridhar,18,1,A3,False,,08730618561
1497,457,Damyanti Sur,59,2,A5,False,,6695683323
1498,988,Upadhriti Chana,65,1,A4,False,,09573356267
1499,136,Bachittar Zacharia,30,2,A2,False,,7599115090
1500,797,Chanakya Deo,69,2,A4,False,,1978724715
