CaseMasterID,ActID,SectionID,ActOrderID,SectionOrderID
1,ACT5,SEC126,1,1
1,ACT4,SEC141,2,2
2,ACT2,SEC317,1,1
3,ACT3,SEC333,1,1
3,ACT1,SEC154,2,2
4,ACT4,SEC274,1,1
4,ACT3,SEC12,2,2
4,ACT3,SEC316,3,3
5,ACT4,SEC62,1,1
5,ACT1,SEC329,2,2
6,ACT1,SEC192,1,1
6,ACT5,SEC140,2,2
7,ACT2,SEC171,1,1
7,ACT1,SEC271,2,2
7,ACT4,SEC131,3,3
8,ACT1,SEC477,1,1
8,ACT2,SEC374,2,2
9,ACT2,SEC154,1,1
9,ACT1,SEC157,2,2
9,ACT4,SEC440,3,3
10,ACT1,SEC332,1,1
10,ACT1,SEC213,2,2
11,ACT5,SEC264,1,1
11,ACT4,SEC101,2,2
11,ACT1,SEC418,3,3
12,ACT3,SEC341,1,1
12,ACT5,SEC30,2,2
12,ACT2,SEC67,3,3
13,ACT5,SEC305,1,1
13,ACT4,SEC268,2,2
13,ACT1,SEC235,3,3
14,ACT2,SEC168,1,1
15,ACT3,SEC305,1,1
15,ACT5,SEC240,2,2
15,ACT1,SEC26,3,3
16,ACT2,SEC83,1,1
16,ACT2,SEC405,2,2
16,ACT3,SEC115,3,3
17,ACT4,SEC54,1,1
17,ACT1,SEC320,2,2
18,ACT3,SEC310,1,1
18,ACT2,SEC223,2,2
19,ACT4,SEC345,1,1
20,ACT1,SEC243,1,1
20,ACT1,SEC216,2,2
20,ACT4,SEC376,3,3
21,ACT4,SEC394,1,1
21,ACT1,SEC301,2,2
21,ACT2,SEC55,3,3
22,ACT5,SEC147,1,1
22,ACT5,SEC74,2,2
23,ACT3,SEC88,1,1
23,ACT5,SEC285,2,2
24,ACT3,SEC497,1,1
24,ACT2,SEC8,2,2
24,ACT5,SEC397,3,3
25,ACT5,SEC177,1,1
25,ACT4,SEC494,2,2
26,ACT5,SEC20,1,1
26,ACT4,SEC319,2,2
26,ACT1,SEC94,3,3
27,ACT4,SEC492,1,1
28,ACT5,SEC338,1,1
29,ACT1,SEC288,1,1
30,ACT2,SEC284,1,1
30,ACT2,SEC495,2,2
31,ACT3,SEC144,1,1
32,ACT3,SEC264,1,1
32,ACT2,SEC365,2,2
32,ACT4,SEC21,3,3
33,ACT3,SEC475,1,1
33,ACT3,SEC78,2,2
34,ACT1,SEC385,1,1
34,ACT5,SEC347,2,2
34,ACT2,SEC89,3,3
35,ACT1,SEC394,1,1
35,ACT2,SEC230,2,2
36,ACT3,SEC315,1,1
36,ACT4,SEC482,2,2
36,ACT1,SEC390,3,3
37,ACT2,SEC362,1,1
38,ACT2,SEC336,1,1
38,ACT2,SEC480,2,2
38,ACT1,SEC251,3,3
39,ACT3,SEC386,1,1
39,ACT5,SEC89,2,2
40,ACT3,SEC370,1,1
40,ACT4,SEC203,2,2
41,ACT4,SEC119,1,1
42,ACT3,SEC397,1,1
42,ACT5,SEC365,2,2
43,ACT2,SEC480,1,1
44,ACT5,SEC171,1,1
45,ACT1,SEC261,1,1
45,ACT4,SEC55,2,2
45,ACT3,SEC378,3,3
46,ACT5,SEC277,1,1
46,ACT2,SEC413,2,2
46,ACT5,SEC97,3,3
47,ACT3,SEC460,1,1
48,ACT5,SEC180,1,1
48,ACT3,SEC285,2,2
48,ACT4,SEC262,3,3
49,ACT4,SEC436,1,1
49,ACT1,SEC32,2,2
49,ACT3,SEC368,3,3
50,ACT5,SEC236,1,1
51,ACT4,SEC208,1,1
51,ACT3,SEC51,2,2
51,ACT3,SEC463,3,3
52,ACT5,SEC400,1,1
52,ACT2,SEC71,2,2
52,ACT5,SEC361,3,3
53,ACT2,SEC137,1,1
53,ACT1,SEC28,2,2
53,ACT1,SEC78,3,3
54,ACT2,SEC308,1,1
54,ACT3,SEC376,2,2
55,ACT5,SEC142,1,1
55,ACT2,SEC473,2,2
55,ACT4,SEC411,3,3
56,ACT4,SEC38,1,1
57,ACT2,SEC343,1,1
58,ACT1,SEC153,1,1
58,ACT5,SEC102,2,2
59,ACT5,SEC357,1,1
59,ACT1,SEC285,2,2
59,ACT3,SEC60,3,3
60,ACT5,SEC447,1,1
60,ACT3,SEC455,2,2
60,ACT2,SEC334,3,3
61,ACT2,SEC161,1,1
61,ACT2,SEC26,2,2
61,ACT5,SEC382,3,3
62,ACT5,SEC176,1,1
62,ACT1,SEC290,2,2
63,ACT2,SEC486,1,1
63,ACT4,SEC256,2,2
64,ACT4,SEC154,1,1
65,ACT2,SEC327,1,1
66,ACT4,SEC434,1,1
66,ACT4,SEC80,2,2
66,ACT2,SEC425,3,3
67,ACT4,SEC294,1,1
67,ACT4,SEC78,2,2
67,ACT4,SEC92,3,3
68,ACT3,SEC105,1,1
69,ACT5,SEC102,1,1
69,ACT5,SEC391,2,2
69,ACT2,SEC129,3,3
70,ACT3,SEC237,1,1
71,ACT5,SEC168,1,1
72,ACT3,SEC238,1,1
72,ACT3,SEC130,2,2
73,ACT3,SEC169,1,1
73,ACT2,SEC285,2,2
74,ACT1,SEC210,1,1
75,ACT1,SEC390,1,1
75,ACT5,SEC255,2,2
76,ACT5,SEC480,1,1
76,ACT4,SEC233,2,2
77,ACT5,SEC136,1,1
77,ACT3,SEC463,2,2
78,ACT3,SEC248,1,1
78,ACT5,SEC45,2,2
79,ACT3,SEC199,1,1
79,ACT5,SEC398,2,2
79,ACT3,SEC496,3,3
80,ACT5,SEC12,1,1
80,ACT1,SEC357,2,2
81,ACT4,SEC334,1,1
82,ACT2,SEC305,1,1
82,ACT5,SEC282,2,2
82,ACT1,SEC401,3,3
83,ACT1,SEC329,1,1
83,ACT1,SEC270,2,2
83,ACT4,SEC484,3,3
84,ACT3,SEC493,1,1
85,ACT4,SEC228,1,1
86,ACT5,SEC65,1,1
86,ACT3,SEC491,2,2
87,ACT4,SEC254,1,1
88,ACT5,SEC7,1,1
88,ACT5,SEC425,2,2
89,ACT5,SEC241,1,1
89,ACT2,SEC154,2,2
90,ACT1,SEC453,1,1
91,ACT5,SEC258,1,1
91,ACT2,SEC30,2,2
92,ACT1,SEC399,1,1
92,ACT1,SEC369,2,2
93,ACT1,SEC406,1,1
94,ACT1,SEC217,1,1
94,ACT4,SEC118,2,2
94,ACT1,SEC364,3,3
95,ACT2,SEC477,1,1
95,ACT1,SEC231,2,2
96,ACT3,SEC24,1,1
96,ACT1,SEC200,2,2
97,ACT2,SEC233,1,1
98,ACT4,SEC435,1,1
98,ACT3,SEC1,2,2
98,ACT4,SEC494,3,3
99,ACT5,SEC29,1,1
99,ACT1,SEC226,2,2
99,ACT3,SEC339,3,3
100,ACT1,SEC404,1,1
101,ACT3,SEC359,1,1
101,ACT4,SEC56,2,2
102,ACT3,SEC201,1,1
102,ACT4,SEC133,2,2
102,ACT2,SEC360,3,3
103,ACT3,SEC302,1,1
103,ACT5,SEC414,2,2
103,ACT4,SEC238,3,3
104,ACT1,SEC436,1,1
105,ACT4,SEC314,1,1
105,ACT2,SEC13,2,2
105,ACT4,SEC490,3,3
106,ACT2,SEC392,1,1
106,ACT4,SEC174,2,2
106,ACT1,SEC269,3,3
107,ACT5,SEC388,1,1
107,ACT5,SEC141,2,2
108,ACT4,SEC12,1,1
109,ACT2,SEC380,1,1
109,ACT4,SEC69,2,2
109,ACT3,SEC360,3,3
110,ACT2,SEC49,1,1
110,ACT3,SEC1,2,2
110,ACT1,SEC148,3,3
111,ACT5,SEC115,1,1
112,ACT5,SEC124,1,1
112,ACT1,SEC158,2,2
113,ACT5,SEC32,1,1
113,ACT4,SEC202,2,2
113,ACT3,SEC378,3,3
114,ACT5,SEC135,1,1
114,ACT1,SEC234,2,2
114,ACT4,SEC82,3,3
115,ACT3,SEC360,1,1
116,ACT1,SEC182,1,1
117,ACT5,SEC452,1,1
117,ACT4,SEC45,2,2
117,ACT1,SEC201,3,3
118,ACT4,SEC453,1,1
118,ACT2,SEC487,2,2
119,ACT4,SEC373,1,1
120,ACT2,SEC260,1,1
120,ACT2,SEC399,2,2
120,ACT4,SEC219,3,3
121,ACT3,SEC404,1,1
122,ACT2,SEC2,1,1
122,ACT2,SEC148,2,2
123,ACT2,SEC68,1,1
123,ACT4,SEC119,2,2
123,ACT3,SEC125,3,3
124,ACT4,SEC431,1,1
124,ACT4,SEC24,2,2
125,ACT1,SEC415,1,1
125,ACT5,SEC204,2,2
125,ACT3,SEC437,3,3
126,ACT4,SEC439,1,1
127,ACT3,SEC379,1,1
127,ACT5,SEC296,2,2
127,ACT3,SEC241,3,3
128,ACT1,SEC421,1,1
129,ACT3,SEC24,1,1
130,ACT4,SEC422,1,1
130,ACT3,SEC167,2,2
130,ACT5,SEC398,3,3
131,ACT5,SEC443,1,1
132,ACT5,SEC206,1,1
132,ACT4,SEC386,2,2
133,ACT4,SEC297,1,1
133,ACT5,SEC21,2,2
134,ACT5,SEC444,1,1
135,ACT2,SEC143,1,1
135,ACT2,SEC334,2,2
135,ACT4,SEC215,3,3
136,ACT1,SEC254,1,1
136,ACT5,SEC122,2,2
136,ACT5,SEC442,3,3
137,ACT2,SEC314,1,1
137,ACT1,SEC474,2,2
138,ACT3,SEC83,1,1
139,ACT4,SEC18,1,1
140,ACT5,SEC69,1,1
141,ACT2,SEC293,1,1
141,ACT4,SEC56,2,2
142,ACT3,SEC327,1,1
143,ACT1,SEC369,1,1
143,ACT5,SEC295,2,2
143,ACT2,SEC309,3,3
144,ACT1,SEC357,1,1
144,ACT1,SEC75,2,2
145,ACT2,SEC169,1,1
145,ACT4,SEC361,2,2
146,ACT3,SEC141,1,1
146,ACT4,SEC485,2,2
146,ACT5,SEC10,3,3
147,ACT2,SEC98,1,1
148,ACT2,SEC401,1,1
148,ACT3,SEC266,2,2
148,ACT5,SEC57,3,3
149,ACT1,SEC493,1,1
150,ACT3,SEC247,1,1
150,ACT3,SEC498,2,2
151,ACT1,SEC110,1,1
152,ACT2,SEC140,1,1
152,ACT5,SEC19,2,2
153,ACT1,SEC8,1,1
153,ACT2,SEC47,2,2
154,ACT3,SEC343,1,1
154,ACT5,SEC348,2,2
154,ACT3,SEC203,3,3
155,ACT5,SEC42,1,1
156,ACT5,SEC275,1,1
157,ACT5,SEC152,1,1
157,ACT3,SEC195,2,2
157,ACT1,SEC141,3,3
158,ACT3,SEC315,1,1
158,ACT1,SEC200,2,2
158,ACT5,SEC17,3,3
159,ACT4,SEC236,1,1
159,ACT2,SEC314,2,2
160,ACT5,SEC456,1,1
161,ACT5,SEC32,1,1
161,ACT4,SEC119,2,2
161,ACT1,SEC328,3,3
162,ACT2,SEC260,1,1
162,ACT2,SEC471,2,2
163,ACT1,SEC96,1,1
164,ACT3,SEC421,1,1
164,ACT1,SEC225,2,2
165,ACT1,SEC433,1,1
165,ACT2,SEC93,2,2
166,ACT1,SEC334,1,1
166,ACT1,SEC38,2,2
167,ACT2,SEC70,1,1
168,ACT1,SEC314,1,1
168,ACT2,SEC289,2,2
168,ACT2,SEC101,3,3
169,ACT2,SEC471,1,1
169,ACT5,SEC172,2,2
170,ACT1,SEC152,1,1
171,ACT4,SEC199,1,1
172,ACT4,SEC89,1,1
172,ACT5,SEC168,2,2
173,ACT3,SEC476,1,1
174,ACT5,SEC439,1,1
175,ACT2,SEC475,1,1
176,ACT2,SEC202,1,1
176,ACT1,SEC142,2,2
177,ACT4,SEC67,1,1
178,ACT1,SEC441,1,1
178,ACT3,SEC161,2,2
179,ACT3,SEC84,1,1
179,ACT1,SEC452,2,2
179,ACT1,SEC334,3,3
180,ACT3,SEC489,1,1
180,ACT1,SEC347,2,2
181,ACT5,SEC450,1,1
182,ACT5,SEC92,1,1
182,ACT2,SEC221,2,2
183,ACT4,SEC426,1,1
183,ACT5,SEC433,2,2
183,ACT3,SEC479,3,3
184,ACT5,SEC336,1,1
185,ACT5,SEC223,1,1
185,ACT1,SEC235,2,2
185,ACT2,SEC290,3,3
186,ACT5,SEC335,1,1
186,ACT2,SEC47,2,2
187,ACT2,SEC124,1,1
188,ACT3,SEC186,1,1
188,ACT1,SEC333,2,2
189,ACT2,SEC361,1,1
189,ACT1,SEC447,2,2
189,ACT5,SEC237,3,3
190,ACT4,SEC260,1,1
190,ACT2,SEC252,2,2
191,ACT3,SEC256,1,1
191,ACT5,SEC277,2,2
191,ACT4,SEC325,3,3
192,ACT2,SEC370,1,1
192,ACT5,SEC60,2,2
193,ACT5,SEC394,1,1
193,ACT1,SEC262,2,2
193,ACT5,SEC296,3,3
194,ACT3,SEC192,1,1
194,ACT5,SEC186,2,2
194,ACT2,SEC187,3,3
195,ACT3,SEC348,1,1
195,ACT5,SEC192,2,2
196,ACT2,SEC66,1,1
196,ACT4,SEC470,2,2
197,ACT5,SEC47,1,1
197,ACT1,SEC61,2,2
198,ACT3,SEC247,1,1
199,ACT4,SEC146,1,1
199,ACT4,SEC237,2,2
200,ACT5,SEC302,1,1
200,ACT2,SEC295,2,2
200,ACT1,SEC202,3,3
201,ACT5,SEC168,1,1
201,ACT5,SEC403,2,2
202,ACT2,SEC75,1,1
202,ACT2,SEC354,2,2
202,ACT4,SEC347,3,3
203,ACT2,SEC360,1,1
203,ACT1,SEC7,2,2
204,ACT4,SEC159,1,1
204,ACT2,SEC190,2,2
204,ACT3,SEC315,3,3
205,ACT1,SEC301,1,1
205,ACT3,SEC346,2,2
206,ACT5,SEC402,1,1
207,ACT4,SEC440,1,1
207,ACT3,SEC123,2,2
208,ACT5,SEC470,1,1
208,ACT2,SEC392,2,2
209,ACT3,SEC350,1,1
210,ACT2,SEC248,1,1
210,ACT4,SEC271,2,2
210,ACT4,SEC15,3,3
211,ACT4,SEC376,1,1
211,ACT2,SEC363,2,2
211,ACT3,SEC308,3,3
212,ACT2,SEC84,1,1
212,ACT1,SEC257,2,2
213,ACT2,SEC396,1,1
214,ACT1,SEC431,1,1
214,ACT5,SEC69,2,2
214,ACT2,SEC462,3,3
215,ACT4,SEC179,1,1
215,ACT2,SEC204,2,2
216,ACT1,SEC328,1,1
217,ACT4,SEC154,1,1
218,ACT5,SEC79,1,1
218,ACT2,SEC236,2,2
219,ACT1,SEC353,1,1
219,ACT5,SEC327,2,2
219,ACT5,SEC476,3,3
220,ACT3,SEC242,1,1
220,ACT3,SEC163,2,2
221,ACT1,SEC98,1,1
222,ACT1,SEC453,1,1
222,ACT4,SEC387,2,2
223,ACT3,SEC452,1,1
224,ACT5,SEC36,1,1
225,ACT5,SEC3,1,1
225,ACT4,SEC114,2,2
225,ACT1,SEC422,3,3
226,ACT3,SEC19,1,1
226,ACT4,SEC290,2,2
226,ACT2,SEC219,3,3
227,ACT5,SEC493,1,1
228,ACT2,SEC224,1,1
228,ACT5,SEC42,2,2
228,ACT1,SEC213,3,3
229,ACT5,SEC198,1,1
229,ACT5,SEC441,2,2
229,ACT4,SEC96,3,3
230,ACT2,SEC368,1,1
230,ACT1,SEC95,2,2
231,ACT1,SEC436,1,1
231,ACT3,SEC229,2,2
231,ACT5,SEC403,3,3
232,ACT4,SEC164,1,1
232,ACT3,SEC96,2,2
232,ACT5,SEC341,3,3
233,ACT4,SEC282,1,1
233,ACT5,SEC96,2,2
233,ACT5,SEC228,3,3
234,ACT1,SEC75,1,1
235,ACT4,SEC92,1,1
235,ACT5,SEC217,2,2
236,ACT2,SEC196,1,1
236,ACT5,SEC92,2,2
236,ACT1,SEC446,3,3
237,ACT1,SEC470,1,1
237,ACT1,SEC317,2,2
238,ACT4,SEC60,1,1
239,ACT4,SEC447,1,1
239,ACT2,SEC116,2,2
240,ACT3,SEC138,1,1
240,ACT5,SEC395,2,2
240,ACT1,SEC113,3,3
241,ACT1,SEC226,1,1
241,ACT3,SEC51,2,2
242,ACT5,SEC317,1,1
242,ACT5,SEC418,2,2
243,ACT5,SEC382,1,1
243,ACT1,SEC154,2,2
243,ACT4,SEC119,3,3
244,ACT5,SEC89,1,1
244,ACT1,SEC197,2,2
244,ACT5,SEC249,3,3
245,ACT3,SEC438,1,1
246,ACT4,SEC313,1,1
247,ACT1,SEC19,1,1
247,ACT5,SEC101,2,2
248,ACT4,SEC259,1,1
249,ACT2,SEC451,1,1
249,ACT3,SEC148,2,2
250,ACT2,SEC262,1,1
250,ACT4,SEC234,2,2
250,ACT4,SEC67,3,3
251,ACT5,SEC424,1,1
251,ACT4,SEC112,2,2
251,ACT2,SEC234,3,3
252,ACT3,SEC314,1,1
252,ACT1,SEC160,2,2
253,ACT3,SEC21,1,1
253,ACT1,SEC49,2,2
254,ACT1,SEC415,1,1
254,ACT5,SEC355,2,2
255,ACT1,SEC337,1,1
255,ACT2,SEC12,2,2
256,ACT2,SEC248,1,1
256,ACT4,SEC253,2,2
257,ACT1,SEC269,1,1
257,ACT4,SEC417,2,2
258,ACT4,SEC7,1,1
258,ACT1,SEC495,2,2
259,ACT2,SEC484,1,1
260,ACT2,SEC55,1,1
260,ACT5,SEC403,2,2
260,ACT5,SEC314,3,3
261,ACT1,SEC52,1,1
261,ACT2,SEC314,2,2
261,ACT2,SEC322,3,3
262,ACT4,SEC37,1,1
262,ACT5,SEC461,2,2
262,ACT2,SEC123,3,3
263,ACT3,SEC274,1,1
263,ACT1,SEC428,2,2
263,ACT5,SEC360,3,3
264,ACT1,SEC217,1,1
264,ACT5,SEC343,2,2
264,ACT5,SEC269,3,3
265,ACT2,SEC131,1,1
266,ACT1,SEC112,1,1
266,ACT1,SEC440,2,2
266,ACT1,SEC18,3,3
267,ACT1,SEC402,1,1
268,ACT5,SEC391,1,1
268,ACT2,SEC102,2,2
269,ACT3,SEC359,1,1
269,ACT3,SEC20,2,2
270,ACT4,SEC59,1,1
271,ACT1,SEC296,1,1
271,ACT5,SEC475,2,2
272,ACT3,SEC82,1,1
273,ACT2,SEC84,1,1
274,ACT2,SEC172,1,1
275,ACT3,SEC193,1,1
276,ACT4,SEC375,1,1
277,ACT1,SEC245,1,1
278,ACT4,SEC342,1,1
278,ACT2,SEC465,2,2
279,ACT2,SEC101,1,1
279,ACT4,SEC376,2,2
280,ACT5,SEC214,1,1
280,ACT5,SEC500,2,2
281,ACT1,SEC80,1,1
281,ACT4,SEC349,2,2
282,ACT3,SEC111,1,1
282,ACT3,SEC489,2,2
283,ACT5,SEC486,1,1
283,ACT1,SEC35,2,2
284,ACT4,SEC174,1,1
284,ACT1,SEC204,2,2
284,ACT4,SEC29,3,3
285,ACT1,SEC393,1,1
285,ACT2,SEC160,2,2
285,ACT4,SEC164,3,3
286,ACT1,SEC72,1,1
286,ACT5,SEC294,2,2
286,ACT4,SEC265,3,3
287,ACT2,SEC233,1,1
288,ACT5,SEC132,1,1
288,ACT5,SEC245,2,2
288,ACT1,SEC428,3,3
289,ACT1,SEC145,1,1
289,ACT5,SEC418,2,2
289,ACT5,SEC172,3,3
290,ACT4,SEC294,1,1
291,ACT2,SEC79,1,1
291,ACT3,SEC99,2,2
292,ACT3,SEC340,1,1
293,ACT3,SEC24,1,1
293,ACT2,SEC150,2,2
294,ACT5,SEC210,1,1
294,ACT2,SEC374,2,2
295,ACT5,SEC465,1,1
296,ACT4,SEC131,1,1
297,ACT3,SEC118,1,1
297,ACT2,SEC254,2,2
297,ACT5,SEC499,3,3
298,ACT1,SEC414,1,1
298,ACT4,SEC343,2,2
299,ACT2,SEC339,1,1
299,ACT2,SEC274,2,2
299,ACT4,SEC246,3,3
300,ACT5,SEC353,1,1
300,ACT3,SEC18,2,2
301,ACT2,SEC49,1,1
301,ACT4,SEC263,2,2
301,ACT2,SEC187,3,3
302,ACT2,SEC117,1,1
302,ACT1,SEC383,2,2
303,ACT4,SEC272,1,1
304,ACT4,SEC63,1,1
304,ACT2,SEC114,2,2
305,ACT1,SEC132,1,1
306,ACT3,SEC204,1,1
307,ACT5,SEC358,1,1
307,ACT2,SEC146,2,2
308,ACT4,SEC87,1,1
308,ACT4,SEC71,2,2
308,ACT2,SEC183,3,3
309,ACT3,SEC418,1,1
309,ACT5,SEC161,2,2
309,ACT2,SEC401,3,3
310,ACT4,SEC274,1,1
310,ACT1,SEC348,2,2
311,ACT5,SEC470,1,1
312,ACT1,SEC126,1,1
312,ACT2,SEC330,2,2
312,ACT3,SEC173,3,3
313,ACT4,SEC72,1,1
313,ACT3,SEC65,2,2
313,ACT1,SEC307,3,3
314,ACT5,SEC428,1,1
315,ACT3,SEC33,1,1
315,ACT1,SEC36,2,2
316,ACT5,SEC65,1,1
316,ACT2,SEC397,2,2
316,ACT5,SEC85,3,3
317,ACT2,SEC167,1,1
317,ACT1,SEC234,2,2
318,ACT1,SEC195,1,1
319,ACT4,SEC206,1,1
319,ACT1,SEC158,2,2
319,ACT5,SEC300,3,3
320,ACT1,SEC127,1,1
320,ACT2,SEC492,2,2
321,ACT1,SEC148,1,1
321,ACT1,SEC451,2,2
322,ACT1,SEC390,1,1
322,ACT2,SEC391,2,2
323,ACT1,SEC429,1,1
323,ACT5,SEC500,2,2
323,ACT4,SEC310,3,3
324,ACT4,SEC63,1,1
325,ACT4,SEC2,1,1
325,ACT2,SEC99,2,2
326,ACT2,SEC353,1,1
326,ACT1,SEC413,2,2
326,ACT5,SEC5,3,3
327,ACT3,SEC271,1,1
327,ACT2,SEC124,2,2
328,ACT5,SEC312,1,1
328,ACT4,SEC13,2,2
328,ACT2,SEC452,3,3
329,ACT2,SEC287,1,1
330,ACT2,SEC112,1,1
331,ACT1,SEC252,1,1
331,ACT4,SEC443,2,2
331,ACT3,SEC479,3,3
332,ACT5,SEC207,1,1
333,ACT2,SEC17,1,1
333,ACT4,SEC331,2,2
334,ACT4,SEC415,1,1
334,ACT4,SEC50,2,2
335,ACT3,SEC297,1,1
335,ACT5,SEC359,2,2
336,ACT4,SEC34,1,1
336,ACT1,SEC227,2,2
336,ACT4,SEC160,3,3
337,ACT4,SEC133,1,1
338,ACT3,SEC225,1,1
339,ACT3,SEC185,1,1
339,ACT4,SEC490,2,2
340,ACT4,SEC246,1,1
340,ACT4,SEC444,2,2
340,ACT4,SEC141,3,3
341,ACT3,SEC245,1,1
342,ACT5,SEC453,1,1
342,ACT2,SEC118,2,2
343,ACT3,SEC162,1,1
344,ACT4,SEC429,1,1
344,ACT3,SEC178,2,2
344,ACT3,SEC307,3,3
345,ACT2,SEC39,1,1
345,ACT5,SEC115,2,2
346,ACT5,SEC434,1,1
346,ACT1,SEC266,2,2
347,ACT3,SEC210,1,1
348,ACT5,SEC135,1,1
348,ACT4,SEC326,2,2
348,ACT2,SEC422,3,3
349,ACT4,SEC130,1,1
350,ACT2,SEC232,1,1
351,ACT4,SEC222,1,1
351,ACT2,SEC243,2,2
352,ACT1,SEC17,1,1
352,ACT4,SEC357,2,2
352,ACT1,SEC381,3,3
353,ACT1,SEC480,1,1
353,ACT2,SEC323,2,2
353,ACT1,SEC445,3,3
354,ACT4,SEC111,1,1
354,ACT2,SEC478,2,2
355,ACT2,SEC494,1,1
356,ACT4,SEC479,1,1
356,ACT4,SEC172,2,2
356,ACT4,SEC190,3,3
357,ACT1,SEC183,1,1
358,ACT3,SEC104,1,1
358,ACT5,SEC150,2,2
359,ACT1,SEC395,1,1
359,ACT1,SEC83,2,2
360,ACT1,SEC115,1,1
361,ACT3,SEC431,1,1
361,ACT2,SEC341,2,2
362,ACT3,SEC391,1,1
362,ACT2,SEC127,2,2
363,ACT5,SEC116,1,1
363,ACT3,SEC452,2,2
363,ACT1,SEC126,3,3
364,ACT2,SEC11,1,1
365,ACT2,SEC17,1,1
365,ACT4,SEC251,2,2
366,ACT5,SEC215,1,1
366,ACT3,SEC114,2,2
367,ACT4,SEC218,1,1
368,ACT2,SEC222,1,1
369,ACT4,SEC429,1,1
369,ACT4,SEC156,2,2
369,ACT2,SEC240,3,3
370,ACT4,SEC75,1,1
370,ACT1,SEC151,2,2
371,ACT3,SEC276,1,1
371,ACT3,SEC183,2,2
371,ACT2,SEC245,3,3
372,ACT3,SEC111,1,1
373,ACT3,SEC170,1,1
373,ACT4,SEC144,2,2
374,ACT5,SEC97,1,1
374,ACT2,SEC417,2,2
375,ACT3,SEC152,1,1
376,ACT2,SEC202,1,1
376,ACT2,SEC210,2,2
376,ACT3,SEC366,3,3
377,ACT4,SEC27,1,1
378,ACT1,SEC155,1,1
378,ACT2,SEC224,2,2
378,ACT3,SEC497,3,3
379,ACT1,SEC418,1,1
380,ACT2,SEC475,1,1
380,ACT4,SEC144,2,2
381,ACT5,SEC422,1,1
381,ACT5,SEC315,2,2
382,ACT3,SEC174,1,1
383,ACT5,SEC201,1,1
383,ACT1,SEC316,2,2
384,ACT4,SEC281,1,1
385,ACT4,SEC388,1,1
385,ACT3,SEC421,2,2
386,ACT1,SEC50,1,1
386,ACT4,SEC391,2,2
386,ACT2,SEC232,3,3
387,ACT2,SEC169,1,1
388,ACT3,SEC24,1,1
388,ACT5,SEC190,2,2
389,ACT5,SEC226,1,1
390,ACT5,SEC260,1,1
391,ACT3,SEC393,1,1
391,ACT4,SEC354,2,2
391,ACT1,SEC494,3,3
392,ACT2,SEC311,1,1
393,ACT4,SEC282,1,1
393,ACT1,SEC188,2,2
394,ACT1,SEC267,1,1
395,ACT4,SEC131,1,1
396,ACT5,SEC168,1,1
396,ACT1,SEC437,2,2
396,ACT1,SEC62,3,3
397,ACT2,SEC303,1,1
397,ACT3,SEC158,2,2
398,ACT5,SEC245,1,1
399,ACT1,SEC406,1,1
399,ACT1,SEC37,2,2
400,ACT4,SEC385,1,1
401,ACT1,SEC275,1,1
401,ACT3,SEC246,2,2
402,ACT1,SEC404,1,1
402,ACT4,SEC463,2,2
403,ACT1,SEC454,1,1
404,ACT3,SEC398,1,1
404,ACT3,SEC369,2,2
404,ACT4,SEC33,3,3
405,ACT2,SEC379,1,1
405,ACT3,SEC190,2,2
406,ACT1,SEC348,1,1
406,ACT1,SEC177,2,2
406,ACT1,SEC388,3,3
407,ACT4,SEC499,1,1
407,ACT2,SEC42,2,2
407,ACT3,SEC64,3,3
408,ACT3,SEC361,1,1
408,ACT2,SEC47,2,2
408,ACT3,SEC246,3,3
409,ACT4,SEC457,1,1
409,ACT3,SEC329,2,2
410,ACT1,SEC487,1,1
410,ACT1,SEC338,2,2
411,ACT4,SEC101,1,1
411,ACT2,SEC98,2,2
411,ACT4,SEC398,3,3
412,ACT3,SEC442,1,1
412,ACT4,SEC260,2,2
413,ACT2,SEC12,1,1
413,ACT3,SEC110,2,2
413,ACT5,SEC377,3,3
414,ACT2,SEC322,1,1
414,ACT4,SEC246,2,2
414,ACT2,SEC123,3,3
415,ACT1,SEC129,1,1
415,ACT5,SEC219,2,2
416,ACT1,SEC185,1,1
416,ACT5,SEC164,2,2
416,ACT5,SEC436,3,3
417,ACT3,SEC74,1,1
418,ACT4,SEC278,1,1
418,ACT2,SEC62,2,2
419,ACT2,SEC5,1,1
419,ACT4,SEC402,2,2
420,ACT1,SEC55,1,1
420,ACT3,SEC481,2,2
420,ACT3,SEC438,3,3
421,ACT2,SEC367,1,1
422,ACT3,SEC258,1,1
422,ACT2,SEC244,2,2
423,ACT1,SEC500,1,1
424,ACT5,SEC442,1,1
425,ACT1,SEC433,1,1
425,ACT2,SEC35,2,2
426,ACT1,SEC421,1,1
426,ACT2,SEC366,2,2
427,ACT4,SEC411,1,1
427,ACT1,SEC187,2,2
428,ACT5,SEC214,1,1
428,ACT1,SEC432,2,2
429,ACT4,SEC350,1,1
429,ACT4,SEC487,2,2
429,ACT5,SEC224,3,3
430,ACT4,SEC442,1,1
430,ACT3,SEC492,2,2
431,ACT2,SEC434,1,1
431,ACT3,SEC165,2,2
432,ACT2,SEC187,1,1
432,ACT5,SEC14,2,2
432,ACT1,SEC414,3,3
433,ACT4,SEC305,1,1
434,ACT2,SEC365,1,1
435,ACT3,SEC257,1,1
435,ACT4,SEC346,2,2
435,ACT2,SEC206,3,3
436,ACT1,SEC431,1,1
436,ACT4,SEC127,2,2
436,ACT1,SEC228,3,3
437,ACT3,SEC355,1,1
437,ACT5,SEC449,2,2
438,ACT4,SEC50,1,1
439,ACT2,SEC237,1,1
439,ACT3,SEC136,2,2
440,ACT4,SEC255,1,1
440,ACT1,SEC366,2,2
440,ACT2,SEC323,3,3
441,ACT2,SEC158,1,1
441,ACT2,SEC489,2,2
441,ACT1,SEC492,3,3
442,ACT2,SEC66,1,1
442,ACT2,SEC454,2,2
442,ACT4,SEC286,3,3
443,ACT1,SEC45,1,1
444,ACT1,SEC394,1,1
444,ACT4,SEC384,2,2
445,ACT2,SEC47,1,1
445,ACT4,SEC396,2,2
446,ACT1,SEC304,1,1
447,ACT3,SEC466,1,1
448,ACT3,SEC355,1,1
448,ACT3,SEC14,2,2
448,ACT3,SEC361,3,3
449,ACT5,SEC499,1,1
449,ACT5,SEC81,2,2
449,ACT3,SEC50,3,3
450,ACT5,SEC488,1,1
450,ACT2,SEC412,2,2
450,ACT4,SEC416,3,3
451,ACT3,SEC158,1,1
452,ACT3,SEC396,1,1
452,ACT1,SEC356,2,2
453,ACT1,SEC311,1,1
453,ACT2,SEC304,2,2
453,ACT3,SEC187,3,3
454,ACT4,SEC71,1,1
454,ACT3,SEC442,2,2
455,ACT5,SEC87,1,1
456,ACT3,SEC292,1,1
456,ACT4,SEC46,2,2
456,ACT1,SEC206,3,3
457,ACT5,SEC443,1,1
457,ACT2,SEC427,2,2
457,ACT2,SEC46,3,3
458,ACT4,SEC188,1,1
458,ACT3,SEC499,2,2
459,ACT1,SEC458,1,1
459,ACT5,SEC3,2,2
459,ACT3,SEC310,3,3
460,ACT5,SEC265,1,1
460,ACT1,SEC247,2,2
461,ACT4,SEC325,1,1
462,ACT3,SEC154,1,1
462,ACT2,SEC29,2,2
463,ACT1,SEC260,1,1
463,ACT4,SEC144,2,2
463,ACT2,SEC485,3,3
464,ACT2,SEC173,1,1
465,ACT2,SEC439,1,1
465,ACT5,SEC346,2,2
465,ACT4,SEC305,3,3
466,ACT2,SEC24,1,1
466,ACT2,SEC226,2,2
467,ACT2,SEC208,1,1
468,ACT5,SEC82,1,1
468,ACT5,SEC8,2,2
468,ACT1,SEC331,3,3
469,ACT3,SEC233,1,1
470,ACT4,SEC254,1,1
470,ACT1,SEC55,2,2
470,ACT4,SEC312,3,3
471,ACT3,SEC424,1,1
471,ACT1,SEC55,2,2
472,ACT1,SEC3,1,1
472,ACT5,SEC83,2,2
473,ACT5,SEC469,1,1
473,ACT2,SEC112,2,2
473,ACT2,SEC321,3,3
474,ACT4,SEC92,1,1
474,ACT5,SEC160,2,2
474,ACT1,SEC37,3,3
475,ACT4,SEC357,1,1
475,ACT5,SEC70,2,2
475,ACT3,SEC385,3,3
476,ACT4,SEC416,1,1
476,ACT5,SEC384,2,2
476,ACT2,SEC61,3,3
477,ACT3,SEC483,1,1
477,ACT4,SEC107,2,2
477,ACT4,SEC421,3,3
478,ACT3,SEC389,1,1
478,ACT4,SEC410,2,2
478,ACT1,SEC240,3,3
479,ACT5,SEC215,1,1
479,ACT5,SEC199,2,2
480,ACT1,SEC242,1,1
481,ACT5,SEC40,1,1
481,ACT2,SEC39,2,2
481,ACT3,SEC59,3,3
482,ACT5,SEC24,1,1
482,ACT2,SEC137,2,2
483,ACT1,SEC42,1,1
484,ACT4,SEC48,1,1
484,ACT1,SEC488,2,2
484,ACT3,SEC205,3,3
485,ACT5,SEC162,1,1
485,ACT4,SEC55,2,2
486,ACT3,SEC301,1,1
486,ACT5,SEC211,2,2
487,ACT3,SEC437,1,1
487,ACT4,SEC278,2,2
488,ACT5,SEC20,1,1
488,ACT4,SEC377,2,2
489,ACT5,SEC196,1,1
489,ACT2,SEC25,2,2
490,ACT1,SEC485,1,1
490,ACT2,SEC57,2,2
491,ACT4,SEC296,1,1
491,ACT5,SEC467,2,2
492,ACT3,SEC48,1,1
492,ACT1,SEC188,2,2
493,ACT4,SEC364,1,1
493,ACT2,SEC224,2,2
493,ACT4,SEC35,3,3
494,ACT4,SEC316,1,1
494,ACT1,SEC154,2,2
495,ACT1,SEC492,1,1
495,ACT3,SEC136,2,2
496,ACT1,SEC444,1,1
496,ACT3,SEC34,2,2
496,ACT1,SEC376,3,3
497,ACT4,SEC363,1,1
497,ACT1,SEC363,2,2
498,ACT4,SEC66,1,1
498,ACT4,SEC349,2,2
499,ACT1,SEC246,1,1
499,ACT4,SEC385,2,2
500,ACT1,SEC394,1,1
500,ACT1,SEC304,2,2
500,ACT1,SEC290,3,3
501,ACT2,SEC479,1,1
501,ACT2,SEC5,2,2
502,ACT3,SEC174,1,1
502,ACT5,SEC462,2,2
502,ACT2,SEC213,3,3
503,ACT2,SEC97,1,1
504,ACT3,SEC212,1,1
505,ACT2,SEC389,1,1
506,ACT1,SEC330,1,1
506,ACT3,SEC447,2,2
506,ACT3,SEC272,3,3
507,ACT4,SEC16,1,1
508,ACT3,SEC477,1,1
508,ACT5,SEC378,2,2
508,ACT4,SEC191,3,3
509,ACT1,SEC424,1,1
510,ACT2,SEC298,1,1
511,ACT5,SEC471,1,1
511,ACT1,SEC489,2,2
511,ACT5,SEC322,3,3
512,ACT1,SEC464,1,1
513,ACT2,SEC23,1,1
514,ACT3,SEC486,1,1
515,ACT4,SEC100,1,1
516,ACT1,SEC278,1,1
516,ACT4,SEC477,2,2
516,ACT1,SEC165,3,3
517,ACT1,SEC465,1,1
517,ACT2,SEC288,2,2
518,ACT1,SEC191,1,1
518,ACT5,SEC288,2,2
519,ACT4,SEC212,1,1
520,ACT4,SEC301,1,1
520,ACT5,SEC286,2,2
520,ACT2,SEC23,3,3
521,ACT2,SEC350,1,1
522,ACT1,SEC260,1,1
522,ACT3,SEC383,2,2
522,ACT4,SEC309,3,3
523,ACT5,SEC351,1,1
523,ACT5,SEC222,2,2
524,ACT5,SEC435,1,1
524,ACT2,SEC410,2,2
524,ACT5,SEC372,3,3
525,ACT1,SEC199,1,1
526,ACT1,SEC491,1,1
526,ACT3,SEC455,2,2
527,ACT3,SEC446,1,1
527,ACT3,SEC228,2,2
527,ACT2,SEC444,3,3
528,ACT4,SEC190,1,1
528,ACT2,SEC408,2,2
528,ACT1,SEC54,3,3
529,ACT5,SEC245,1,1
529,ACT1,SEC100,2,2
529,ACT5,SEC235,3,3
530,ACT3,SEC14,1,1
531,ACT3,SEC277,1,1
531,ACT4,SEC218,2,2
532,ACT4,SEC147,1,1
532,ACT4,SEC393,2,2
533,ACT3,SEC214,1,1
533,ACT3,SEC320,2,2
533,ACT3,SEC124,3,3
534,ACT4,SEC252,1,1
535,ACT4,SEC154,1,1
535,ACT1,SEC120,2,2
536,ACT5,SEC184,1,1
536,ACT2,SEC208,2,2
537,ACT2,SEC316,1,1
538,ACT4,SEC193,1,1
539,ACT4,SEC76,1,1
539,ACT4,SEC245,2,2
540,ACT5,SEC202,1,1
540,ACT5,SEC180,2,2
540,ACT3,SEC110,3,3
541,ACT2,SEC315,1,1
541,ACT5,SEC209,2,2
542,ACT1,SEC379,1,1
542,ACT3,SEC372,2,2
542,ACT2,SEC265,3,3
543,ACT4,SEC394,1,1
543,ACT2,SEC77,2,2
544,ACT2,SEC425,1,1
545,ACT5,SEC423,1,1
545,ACT3,SEC375,2,2
545,ACT5,SEC119,3,3
546,ACT2,SEC8,1,1
547,ACT1,SEC47,1,1
547,ACT3,SEC310,2,2
548,ACT3,SEC111,1,1
549,ACT2,SEC45,1,1
550,ACT4,SEC183,1,1
551,ACT1,SEC457,1,1
551,ACT1,SEC15,2,2
552,ACT5,SEC136,1,1
552,ACT3,SEC153,2,2
553,ACT5,SEC40,1,1
553,ACT4,SEC37,2,2
554,ACT4,SEC371,1,1
555,ACT4,SEC204,1,1
555,ACT4,SEC76,2,2
555,ACT1,SEC266,3,3
556,ACT5,SEC366,1,1
557,ACT1,SEC373,1,1
557,ACT2,SEC494,2,2
558,ACT2,SEC253,1,1
559,ACT4,SEC195,1,1
560,ACT1,SEC72,1,1
561,ACT5,SEC379,1,1
562,ACT3,SEC151,1,1
563,ACT4,SEC304,1,1
564,ACT5,SEC278,1,1
565,ACT3,SEC419,1,1
565,ACT5,SEC489,2,2
566,ACT5,SEC268,1,1
566,ACT3,SEC489,2,2
566,ACT3,SEC107,3,3
567,ACT2,SEC408,1,1
568,ACT2,SEC318,1,1
568,ACT1,SEC474,2,2
569,ACT5,SEC397,1,1
569,ACT4,SEC410,2,2
569,ACT5,SEC292,3,3
570,ACT3,SEC393,1,1
570,ACT4,SEC43,2,2
571,ACT2,SEC456,1,1
571,ACT4,SEC497,2,2
571,ACT4,SEC446,3,3
572,ACT1,SEC253,1,1
572,ACT2,SEC121,2,2
572,ACT5,SEC176,3,3
573,ACT4,SEC448,1,1
573,ACT1,SEC363,2,2
574,ACT4,SEC340,1,1
574,ACT1,SEC355,2,2
575,ACT3,SEC258,1,1
576,ACT3,SEC119,1,1
577,ACT5,SEC469,1,1
577,ACT2,SEC148,2,2
578,ACT5,SEC291,1,1
579,ACT1,SEC11,1,1
579,ACT4,SEC161,2,2
580,ACT4,SEC450,1,1
580,ACT5,SEC68,2,2
580,ACT1,SEC75,3,3
581,ACT4,SEC151,1,1
582,ACT5,SEC92,1,1
583,ACT3,SEC360,1,1
583,ACT4,SEC220,2,2
584,ACT5,SEC151,1,1
584,ACT1,SEC225,2,2
585,ACT2,SEC453,1,1
586,ACT4,SEC207,1,1
587,ACT5,SEC388,1,1
587,ACT4,SEC386,2,2
587,ACT1,SEC172,3,3
588,ACT5,SEC295,1,1
589,ACT1,SEC124,1,1
589,ACT2,SEC341,2,2
589,ACT5,SEC27,3,3
590,ACT5,SEC52,1,1
590,ACT3,SEC322,2,2
590,ACT2,SEC208,3,3
591,ACT5,SEC470,1,1
591,ACT5,SEC65,2,2
592,ACT3,SEC198,1,1
592,ACT1,SEC287,2,2
593,ACT1,SEC41,1,1
593,ACT3,SEC384,2,2
594,ACT3,SEC151,1,1
594,ACT1,SEC93,2,2
595,ACT3,SEC98,1,1
596,ACT5,SEC285,1,1
596,ACT5,SEC142,2,2
596,ACT3,SEC327,3,3
597,ACT3,SEC89,1,1
597,ACT1,SEC95,2,2
597,ACT3,SEC241,3,3
598,ACT2,SEC353,1,1
599,ACT2,SEC220,1,1
600,ACT3,SEC342,1,1
601,ACT1,SEC32,1,1
602,ACT4,SEC330,1,1
603,ACT5,SEC218,1,1
603,ACT4,SEC110,2,2
604,ACT5,SEC333,1,1
605,ACT2,SEC12,1,1
606,ACT5,SEC178,1,1
607,ACT2,SEC85,1,1
607,ACT3,SEC500,2,2
607,ACT5,SEC435,3,3
608,ACT1,SEC278,1,1
609,ACT1,SEC313,1,1
609,ACT2,SEC444,2,2
609,ACT1,SEC205,3,3
610,ACT5,SEC499,1,1
610,ACT4,SEC70,2,2
610,ACT4,SEC373,3,3
611,ACT3,SEC309,1,1
611,ACT4,SEC3,2,2
611,ACT4,SEC348,3,3
612,ACT1,SEC425,1,1
612,ACT4,SEC475,2,2
613,ACT1,SEC356,1,1
613,ACT2,SEC21,2,2
614,ACT5,SEC319,1,1
614,ACT4,SEC48,2,2
615,ACT4,SEC319,1,1
615,ACT2,SEC105,2,2
615,ACT3,SEC224,3,3
616,ACT5,SEC418,1,1
616,ACT5,SEC172,2,2
616,ACT3,SEC4,3,3
617,ACT3,SEC258,1,1
617,ACT1,SEC192,2,2
617,ACT2,SEC451,3,3
618,ACT1,SEC414,1,1
619,ACT3,SEC354,1,1
619,ACT1,SEC242,2,2
620,ACT3,SEC78,1,1
620,ACT1,SEC416,2,2
620,ACT3,SEC449,3,3
621,ACT1,SEC69,1,1
621,ACT1,SEC368,2,2
622,ACT2,SEC24,1,1
622,ACT2,SEC9,2,2
622,ACT4,SEC112,3,3
623,ACT2,SEC497,1,1
623,ACT4,SEC105,2,2
624,ACT5,SEC293,1,1
625,ACT3,SEC290,1,1
625,ACT4,SEC219,2,2
626,ACT2,SEC99,1,1
626,ACT4,SEC411,2,2
627,ACT4,SEC167,1,1
627,ACT1,SEC271,2,2
628,ACT3,SEC10,1,1
628,ACT3,SEC407,2,2
629,ACT3,SEC182,1,1
629,ACT3,SEC445,2,2
630,ACT2,SEC376,1,1
631,ACT3,SEC312,1,1
631,ACT4,SEC331,2,2
632,ACT1,SEC376,1,1
632,ACT1,SEC433,2,2
632,ACT4,SEC176,3,3
633,ACT1,SEC329,1,1
634,ACT1,SEC150,1,1
634,ACT2,SEC135,2,2
634,ACT2,SEC69,3,3
635,ACT1,SEC486,1,1
635,ACT4,SEC191,2,2
635,ACT4,SEC149,3,3
636,ACT5,SEC96,1,1
636,ACT1,SEC152,2,2
637,ACT4,SEC476,1,1
637,ACT4,SEC152,2,2
637,ACT2,SEC246,3,3
638,ACT5,SEC210,1,1
638,ACT5,SEC488,2,2
638,ACT5,SEC294,3,3
639,ACT4,SEC431,1,1
640,ACT4,SEC300,1,1
641,ACT2,SEC234,1,1
641,ACT1,SEC215,2,2
642,ACT5,SEC65,1,1
642,ACT3,SEC314,2,2
643,ACT3,SEC27,1,1
643,ACT5,SEC55,2,2
643,ACT3,SEC188,3,3
644,ACT3,SEC284,1,1
645,ACT5,SEC244,1,1
645,ACT3,SEC26,2,2
645,ACT4,SEC142,3,3
646,ACT3,SEC374,1,1
647,ACT4,SEC144,1,1
647,ACT1,SEC219,2,2
648,ACT4,SEC405,1,1
648,ACT1,SEC453,2,2
648,ACT2,SEC87,3,3
649,ACT5,SEC206,1,1
649,ACT1,SEC89,2,2
650,ACT2,SEC435,1,1
651,ACT2,SEC137,1,1
652,ACT2,SEC40,1,1
652,ACT5,SEC45,2,2
652,ACT1,SEC194,3,3
653,ACT5,SEC241,1,1
654,ACT4,SEC210,1,1
654,ACT2,SEC134,2,2
655,ACT1,SEC72,1,1
656,ACT1,SEC29,1,1
656,ACT5,SEC356,2,2
656,ACT5,SEC398,3,3
657,ACT4,SEC14,1,1
657,ACT1,SEC155,2,2
657,ACT3,SEC250,3,3
658,ACT1,SEC11,1,1
658,ACT4,SEC167,2,2
658,ACT4,SEC58,3,3
659,ACT1,SEC372,1,1
659,ACT3,SEC394,2,2
660,ACT1,SEC132,1,1
660,ACT5,SEC475,2,2
661,ACT2,SEC355,1,1
662,ACT1,SEC369,1,1
662,ACT4,SEC69,2,2
663,ACT1,SEC412,1,1
663,ACT2,SEC65,2,2
664,ACT5,SEC475,1,1
664,ACT1,SEC424,2,2
665,ACT4,SEC398,1,1
665,ACT5,SEC27,2,2
666,ACT3,SEC347,1,1
667,ACT3,SEC456,1,1
668,ACT2,SEC490,1,1
668,ACT3,SEC243,2,2
669,ACT4,SEC269,1,1
669,ACT1,SEC333,2,2
669,ACT5,SEC489,3,3
670,ACT5,SEC176,1,1
671,ACT3,SEC416,1,1
672,ACT3,SEC415,1,1
672,ACT3,SEC290,2,2
673,ACT4,SEC200,1,1
673,ACT3,SEC288,2,2
674,ACT5,SEC412,1,1
675,ACT5,SEC86,1,1
675,ACT2,SEC274,2,2
676,ACT1,SEC105,1,1
676,ACT4,SEC368,2,2
677,ACT2,SEC95,1,1
677,ACT2,SEC291,2,2
678,ACT4,SEC408,1,1
678,ACT3,SEC156,2,2
679,ACT5,SEC324,1,1
680,ACT4,SEC66,1,1
680,ACT3,SEC400,2,2
681,ACT2,SEC40,1,1
681,ACT5,SEC64,2,2
681,ACT5,SEC392,3,3
682,ACT1,SEC72,1,1
682,ACT1,SEC497,2,2
682,ACT2,SEC283,3,3
683,ACT5,SEC243,1,1
683,ACT1,SEC444,2,2
683,ACT2,SEC167,3,3
684,ACT3,SEC369,1,1
685,ACT3,SEC7,1,1
685,ACT5,SEC491,2,2
685,ACT3,SEC74,3,3
686,ACT2,SEC350,1,1
686,ACT3,SEC260,2,2
686,ACT2,SEC283,3,3
687,ACT4,SEC491,1,1
687,ACT2,SEC201,2,2
687,ACT5,SEC282,3,3
688,ACT3,SEC282,1,1
688,ACT5,SEC265,2,2
688,ACT2,SEC412,3,3
689,ACT4,SEC95,1,1
689,ACT4,SEC287,2,2
689,ACT3,SEC339,3,3
690,ACT2,SEC452,1,1
690,ACT5,SEC36,2,2
691,ACT2,SEC290,1,1
692,ACT3,SEC240,1,1
692,ACT4,SEC315,2,2
692,ACT5,SEC256,3,3
693,ACT4,SEC358,1,1
694,ACT1,SEC387,1,1
694,ACT1,SEC211,2,2
695,ACT4,SEC60,1,1
695,ACT3,SEC141,2,2
696,ACT3,SEC197,1,1
697,ACT2,SEC181,1,1
698,ACT1,SEC177,1,1
699,ACT3,SEC161,1,1
700,ACT4,SEC177,1,1
701,ACT1,SEC415,1,1
701,ACT2,SEC44,2,2
702,ACT1,SEC318,1,1
702,ACT2,SEC386,2,2
702,ACT4,SEC324,3,3
703,ACT5,SEC472,1,1
703,ACT1,SEC164,2,2
703,ACT3,SEC447,3,3
704,ACT3,SEC324,1,1
705,ACT2,SEC406,1,1
706,ACT4,SEC470,1,1
706,ACT3,SEC130,2,2
706,ACT5,SEC320,3,3
707,ACT5,SEC9,1,1
707,ACT1,SEC218,2,2
707,ACT4,SEC201,3,3
708,ACT5,SEC262,1,1
708,ACT4,SEC189,2,2
708,ACT1,SEC14,3,3
709,ACT4,SEC417,1,1
709,ACT1,SEC53,2,2
709,ACT4,SEC281,3,3
710,ACT4,SEC11,1,1
711,ACT3,SEC353,1,1
712,ACT1,SEC289,1,1
713,ACT5,SEC25,1,1
713,ACT2,SEC57,2,2
714,ACT5,SEC224,1,1
714,ACT4,SEC35,2,2
714,ACT1,SEC411,3,3
715,ACT2,SEC478,1,1
715,ACT5,SEC294,2,2
716,ACT3,SEC259,1,1
716,ACT1,SEC395,2,2
716,ACT1,SEC152,3,3
717,ACT1,SEC192,1,1
717,ACT5,SEC207,2,2
717,ACT5,SEC245,3,3
718,ACT5,SEC94,1,1
718,ACT3,SEC276,2,2
719,ACT4,SEC223,1,1
720,ACT2,SEC308,1,1
721,ACT1,SEC79,1,1
721,ACT3,SEC8,2,2
721,ACT4,SEC289,3,3
722,ACT5,SEC211,1,1
722,ACT1,SEC211,2,2
723,ACT1,SEC19,1,1
723,ACT2,SEC192,2,2
724,ACT1,SEC37,1,1
725,ACT3,SEC346,1,1
726,ACT5,SEC99,1,1
726,ACT5,SEC3,2,2
726,ACT4,SEC54,3,3
727,ACT2,SEC133,1,1
727,ACT2,SEC285,2,2
727,ACT3,SEC271,3,3
728,ACT3,SEC214,1,1
729,ACT2,SEC357,1,1
729,ACT4,SEC429,2,2
729,ACT5,SEC489,3,3
730,ACT3,SEC287,1,1
730,ACT2,SEC201,2,2
730,ACT5,SEC183,3,3
731,ACT2,SEC153,1,1
731,ACT1,SEC249,2,2
731,ACT4,SEC242,3,3
732,ACT3,SEC74,1,1
732,ACT2,SEC145,2,2
733,ACT3,SEC73,1,1
733,ACT2,SEC464,2,2
733,ACT1,SEC182,3,3
734,ACT3,SEC434,1,1
734,ACT1,SEC245,2,2
734,ACT5,SEC125,3,3
735,ACT2,SEC462,1,1
735,ACT4,SEC177,2,2
735,ACT4,SEC360,3,3
736,ACT3,SEC291,1,1
736,ACT3,SEC181,2,2
736,ACT4,SEC405,3,3
737,ACT4,SEC351,1,1
737,ACT1,SEC239,2,2
737,ACT4,SEC43,3,3
738,ACT1,SEC313,1,1
738,ACT1,SEC370,2,2
738,ACT5,SEC469,3,3
739,ACT1,SEC379,1,1
739,ACT3,SEC173,2,2
739,ACT3,SEC326,3,3
740,ACT2,SEC163,1,1
740,ACT3,SEC458,2,2
740,ACT1,SEC422,3,3
741,ACT2,SEC115,1,1
741,ACT2,SEC370,2,2
742,ACT4,SEC93,1,1
742,ACT4,SEC17,2,2
742,ACT4,SEC45,3,3
743,ACT5,SEC392,1,1
743,ACT3,SEC442,2,2
743,ACT5,SEC142,3,3
744,ACT3,SEC480,1,1
745,ACT5,SEC295,1,1
746,ACT1,SEC290,1,1
746,ACT3,SEC9,2,2
747,ACT2,SEC106,1,1
748,ACT3,SEC148,1,1
748,ACT3,SEC439,2,2
748,ACT4,SEC485,3,3
749,ACT3,SEC487,1,1
749,ACT3,SEC220,2,2
750,ACT1,SEC195,1,1
750,ACT4,SEC14,2,2
750,ACT3,SEC327,3,3
751,ACT4,SEC216,1,1
751,ACT3,SEC402,2,2
751,ACT4,SEC105,3,3
752,ACT2,SEC405,1,1
753,ACT1,SEC101,1,1
754,ACT3,SEC305,1,1
754,ACT2,SEC189,2,2
755,ACT2,SEC54,1,1
756,ACT4,SEC216,1,1
757,ACT3,SEC61,1,1
757,ACT4,SEC367,2,2
757,ACT5,SEC222,3,3
758,ACT4,SEC140,1,1
758,ACT4,SEC297,2,2
759,ACT2,SEC335,1,1
759,ACT1,SEC272,2,2
759,ACT2,SEC269,3,3
760,ACT2,SEC76,1,1
760,ACT1,SEC179,2,2
761,ACT2,SEC60,1,1
762,ACT2,SEC494,1,1
762,ACT2,SEC78,2,2
762,ACT3,SEC281,3,3
763,ACT2,SEC90,1,1
763,ACT3,SEC156,2,2
763,ACT2,SEC203,3,3
764,ACT5,SEC463,1,1
764,ACT5,SEC97,2,2
765,ACT4,SEC403,1,1
765,ACT2,SEC223,2,2
765,ACT5,SEC494,3,3
766,ACT1,SEC300,1,1
766,ACT4,SEC481,2,2
767,ACT1,SEC466,1,1
767,ACT4,SEC292,2,2
767,ACT3,SEC142,3,3
768,ACT3,SEC185,1,1
768,ACT2,SEC37,2,2
769,ACT3,SEC296,1,1
769,ACT1,SEC327,2,2
769,ACT5,SEC376,3,3
770,ACT4,SEC25,1,1
771,ACT4,SEC151,1,1
771,ACT5,SEC54,2,2
772,ACT5,SEC198,1,1
772,ACT5,SEC500,2,2
773,ACT4,SEC229,1,1
774,ACT3,SEC111,1,1
775,ACT5,SEC251,1,1
775,ACT3,SEC479,2,2
775,ACT2,SEC8,3,3
776,ACT2,SEC456,1,1
777,ACT5,SEC119,1,1
777,ACT3,SEC11,2,2
778,ACT4,SEC100,1,1
778,ACT5,SEC229,2,2
779,ACT1,SEC167,1,1
779,ACT1,SEC467,2,2
780,ACT3,SEC398,1,1
780,ACT3,SEC216,2,2
781,ACT3,SEC218,1,1
781,ACT1,SEC415,2,2
782,ACT5,SEC421,1,1
782,ACT5,SEC345,2,2
783,ACT2,SEC203,1,1
784,ACT3,SEC145,1,1
785,ACT1,SEC135,1,1
786,ACT2,SEC87,1,1
786,ACT2,SEC190,2,2
786,ACT5,SEC388,3,3
787,ACT5,SEC142,1,1
788,ACT2,SEC334,1,1
789,ACT5,SEC500,1,1
789,ACT3,SEC123,2,2
790,ACT2,SEC463,1,1
791,ACT4,SEC51,1,1
791,ACT3,SEC336,2,2
792,ACT5,SEC232,1,1
792,ACT1,SEC259,2,2
793,ACT5,SEC108,1,1
793,ACT4,SEC67,2,2
793,ACT1,SEC183,3,3
794,ACT4,SEC128,1,1
794,ACT1,SEC130,2,2
794,ACT2,SEC359,3,3
795,ACT2,SEC190,1,1
795,ACT1,SEC249,2,2
796,ACT5,SEC7,1,1
796,ACT3,SEC225,2,2
796,ACT2,SEC429,3,3
797,ACT5,SEC169,1,1
797,ACT2,SEC276,2,2
798,ACT4,SEC199,1,1
798,ACT2,SEC147,2,2
799,ACT1,SEC88,1,1
800,ACT3,SEC48,1,1
800,ACT2,SEC452,2,2
801,ACT3,SEC341,1,1
801,ACT1,SEC386,2,2
801,ACT4,SEC144,3,3
802,ACT5,SEC457,1,1
803,ACT4,SEC405,1,1
804,ACT5,SEC192,1,1
804,ACT5,SEC216,2,2
804,ACT4,SEC359,3,3
805,ACT3,SEC444,1,1
805,ACT2,SEC50,2,2
806,ACT3,SEC325,1,1
806,ACT1,SEC245,2,2
807,ACT1,SEC281,1,1
807,ACT3,SEC77,2,2
807,ACT5,SEC186,3,3
808,ACT2,SEC60,1,1
808,ACT4,SEC307,2,2
808,ACT5,SEC471,3,3
809,ACT5,SEC174,1,1
810,ACT4,SEC463,1,1
810,ACT4,SEC308,2,2
811,ACT3,SEC403,1,1
811,ACT2,SEC167,2,2
812,ACT4,SEC497,1,1
812,ACT5,SEC465,2,2
813,ACT3,SEC69,1,1
813,ACT1,SEC408,2,2
813,ACT5,SEC325,3,3
814,ACT2,SEC279,1,1
814,ACT2,SEC72,2,2
815,ACT1,SEC325,1,1
815,ACT4,SEC129,2,2
816,ACT1,SEC208,1,1
816,ACT3,SEC266,2,2
816,ACT5,SEC294,3,3
817,ACT1,SEC375,1,1
818,ACT3,SEC39,1,1
818,ACT4,SEC475,2,2
818,ACT5,SEC141,3,3
819,ACT4,SEC120,1,1
820,ACT3,SEC322,1,1
821,ACT2,SEC443,1,1
821,ACT2,SEC178,2,2
821,ACT5,SEC298,3,3
822,ACT1,SEC49,1,1
822,ACT5,SEC24,2,2
823,ACT3,SEC266,1,1
823,ACT2,SEC75,2,2
823,ACT2,SEC235,3,3
824,ACT3,SEC213,1,1
825,ACT4,SEC233,1,1
825,ACT3,SEC437,2,2
826,ACT5,SEC468,1,1
827,ACT4,SEC434,1,1
827,ACT3,SEC296,2,2
828,ACT2,SEC343,1,1
828,ACT5,SEC281,2,2
828,ACT4,SEC338,3,3
829,ACT1,SEC252,1,1
830,ACT3,SEC104,1,1
830,ACT4,SEC376,2,2
831,ACT1,SEC88,1,1
832,ACT4,SEC411,1,1
832,ACT5,SEC351,2,2
832,ACT1,SEC208,3,3
833,ACT4,SEC62,1,1
834,ACT5,SEC59,1,1
834,ACT5,SEC415,2,2
835,ACT1,SEC93,1,1
835,ACT1,SEC192,2,2
836,ACT3,SEC447,1,1
836,ACT4,SEC349,2,2
837,ACT4,SEC463,1,1
837,ACT1,SEC256,2,2
837,ACT2,SEC182,3,3
838,ACT3,SEC62,1,1
838,ACT2,SEC168,2,2
839,ACT4,SEC285,1,1
839,ACT4,SEC463,2,2
839,ACT2,SEC47,3,3
840,ACT5,SEC385,1,1
841,ACT1,SEC189,1,1
841,ACT5,SEC44,2,2
842,ACT4,SEC108,1,1
843,ACT1,SEC1,1,1
844,ACT3,SEC60,1,1
844,ACT3,SEC327,2,2
845,ACT5,SEC44,1,1
846,ACT4,SEC100,1,1
846,ACT2,SEC453,2,2
847,ACT2,SEC454,1,1
847,ACT3,SEC294,2,2
847,ACT4,SEC36,3,3
848,ACT5,SEC2,1,1
848,ACT3,SEC21,2,2
848,ACT4,SEC42,3,3
849,ACT2,SEC301,1,1
849,ACT2,SEC264,2,2
849,ACT1,SEC117,3,3
850,ACT1,SEC62,1,1
850,ACT1,SEC267,2,2
850,ACT2,SEC496,3,3
851,ACT1,SEC373,1,1
851,ACT2,SEC142,2,2
851,ACT5,SEC41,3,3
852,ACT1,SEC58,1,1
852,ACT3,SEC4,2,2
853,ACT3,SEC175,1,1
853,ACT2,SEC192,2,2
853,ACT4,SEC112,3,3
854,ACT4,SEC404,1,1
855,ACT5,SEC443,1,1
855,ACT1,SEC305,2,2
856,ACT3,SEC215,1,1
857,ACT2,SEC255,1,1
857,ACT1,SEC169,2,2
858,ACT5,SEC387,1,1
858,ACT5,SEC21,2,2
858,ACT2,SEC20,3,3
859,ACT1,SEC195,1,1
859,ACT3,SEC221,2,2
860,ACT5,SEC218,1,1
860,ACT2,SEC348,2,2
860,ACT1,SEC69,3,3
861,ACT4,SEC68,1,1
862,ACT2,SEC207,1,1
862,ACT3,SEC300,2,2
862,ACT5,SEC454,3,3
863,ACT1,SEC428,1,1
863,ACT3,SEC255,2,2
864,ACT5,SEC443,1,1
864,ACT2,SEC83,2,2
864,ACT1,SEC40,3,3
865,ACT3,SEC209,1,1
866,ACT4,SEC325,1,1
866,ACT2,SEC320,2,2
867,ACT2,SEC99,1,1
867,ACT4,SEC175,2,2
868,ACT4,SEC381,1,1
869,ACT1,SEC335,1,1
870,ACT2,SEC330,1,1
870,ACT4,SEC289,2,2
870,ACT4,SEC171,3,3
871,ACT3,SEC287,1,1
872,ACT1,SEC263,1,1
873,ACT4,SEC288,1,1
873,ACT1,SEC236,2,2
873,ACT4,SEC225,3,3
874,ACT5,SEC18,1,1
875,ACT5,SEC301,1,1
876,ACT1,SEC47,1,1
876,ACT1,SEC196,2,2
876,ACT4,SEC497,3,3
877,ACT5,SEC143,1,1
878,ACT3,SEC216,1,1
878,ACT5,SEC28,2,2
879,ACT4,SEC301,1,1
880,ACT3,SEC344,1,1
881,ACT4,SEC16,1,1
882,ACT2,SEC257,1,1
882,ACT1,SEC120,2,2
883,ACT4,SEC11,1,1
883,ACT5,SEC230,2,2
883,ACT5,SEC433,3,3
884,ACT4,SEC124,1,1
885,ACT3,SEC93,1,1
886,ACT2,SEC7,1,1
887,ACT1,SEC302,1,1
887,ACT5,SEC312,2,2
887,ACT2,SEC465,3,3
888,ACT1,SEC331,1,1
888,ACT1,SEC251,2,2
888,ACT5,SEC393,3,3
889,ACT4,SEC328,1,1
889,ACT1,SEC379,2,2
890,ACT5,SEC272,1,1
890,ACT1,SEC13,2,2
891,ACT2,SEC339,1,1
891,ACT3,SEC112,2,2
892,ACT5,SEC222,1,1
893,ACT3,SEC494,1,1
894,ACT1,SEC453,1,1
894,ACT1,SEC220,2,2
895,ACT5,SEC332,1,1
896,ACT5,SEC107,1,1
896,ACT2,SEC436,2,2
897,ACT4,SEC413,1,1
898,ACT5,SEC456,1,1
899,ACT5,SEC372,1,1
900,ACT4,SEC363,1,1
900,ACT4,SEC439,2,2
901,ACT4,SEC252,1,1
901,ACT5,SEC286,2,2
901,ACT1,SEC326,3,3
902,ACT1,SEC422,1,1
902,ACT5,SEC343,2,2
903,ACT4,SEC450,1,1
903,ACT2,SEC383,2,2
904,ACT3,SEC15,1,1
904,ACT4,SEC280,2,2
905,ACT2,SEC272,1,1
906,ACT5,SEC306,1,1
906,ACT2,SEC298,2,2
906,ACT1,SEC488,3,3
907,ACT5,SEC431,1,1
908,ACT3,SEC221,1,1
908,ACT2,SEC316,2,2
908,ACT3,SEC54,3,3
909,ACT2,SEC264,1,1
909,ACT3,SEC79,2,2
909,ACT5,SEC195,3,3
910,ACT5,SEC175,1,1
911,ACT4,SEC247,1,1
911,ACT2,SEC160,2,2
911,ACT2,SEC272,3,3
912,ACT2,SEC124,1,1
912,ACT1,SEC324,2,2
912,ACT5,SEC188,3,3
913,ACT5,SEC17,1,1
914,ACT1,SEC181,1,1
914,ACT3,SEC181,2,2
914,ACT5,SEC236,3,3
915,ACT1,SEC331,1,1
916,ACT5,SEC66,1,1
916,ACT2,SEC98,2,2
916,ACT1,SEC370,3,3
917,ACT2,SEC54,1,1
918,ACT5,SEC333,1,1
919,ACT3,SEC363,1,1
920,ACT1,SEC145,1,1
920,ACT3,SEC1,2,2
920,ACT2,SEC215,3,3
921,ACT3,SEC332,1,1
922,ACT5,SEC133,1,1
922,ACT1,SEC388,2,2
922,ACT1,SEC500,3,3
923,ACT2,SEC313,1,1
923,ACT2,SEC483,2,2
924,ACT1,SEC373,1,1
924,ACT2,SEC117,2,2
924,ACT4,SEC116,3,3
925,ACT5,SEC138,1,1
926,ACT4,SEC69,1,1
926,ACT1,SEC404,2,2
926,ACT4,SEC228,3,3
927,ACT5,SEC33,1,1
927,ACT5,SEC247,2,2
927,ACT2,SEC253,3,3
928,ACT2,SEC316,1,1
928,ACT4,SEC484,2,2
929,ACT5,SEC161,1,1
929,ACT3,SEC252,2,2
930,ACT5,SEC477,1,1
930,ACT2,SEC481,2,2
930,ACT1,SEC184,3,3
931,ACT1,SEC338,1,1
931,ACT3,SEC215,2,2
931,ACT1,SEC139,3,3
932,ACT3,SEC469,1,1
933,ACT1,SEC38,1,1
933,ACT1,SEC459,2,2
933,ACT1,SEC45,3,3
934,ACT3,SEC447,1,1
934,ACT2,SEC394,2,2
934,ACT3,SEC448,3,3
935,ACT2,SEC248,1,1
935,ACT4,SEC228,2,2
936,ACT5,SEC341,1,1
936,ACT4,SEC31,2,2
936,ACT5,SEC112,3,3
937,ACT1,SEC381,1,1
938,ACT5,SEC452,1,1
939,ACT3,SEC188,1,1
939,ACT3,SEC171,2,2
940,ACT3,SEC41,1,1
940,ACT3,SEC259,2,2
940,ACT4,SEC279,3,3
941,ACT4,SEC272,1,1
942,ACT2,SEC239,1,1
942,ACT5,SEC94,2,2
943,ACT2,SEC107,1,1
943,ACT3,SEC139,2,2
944,ACT4,SEC213,1,1
944,ACT3,SEC378,2,2
944,ACT2,SEC146,3,3
945,ACT5,SEC107,1,1
945,ACT2,SEC273,2,2
945,ACT3,SEC185,3,3
946,ACT5,SEC118,1,1
946,ACT3,SEC232,2,2
946,ACT5,SEC455,3,3
947,ACT2,SEC475,1,1
947,ACT2,SEC112,2,2
947,ACT4,SEC367,3,3
948,ACT5,SEC278,1,1
949,ACT3,SEC216,1,1
949,ACT2,SEC435,2,2
950,ACT3,SEC480,1,1
950,ACT3,SEC35,2,2
950,ACT5,SEC258,3,3
951,ACT1,SEC491,1,1
951,ACT4,SEC111,2,2
951,ACT4,SEC301,3,3
952,ACT1,SEC373,1,1
952,ACT4,SEC256,2,2
953,ACT1,SEC359,1,1
954,ACT1,SEC368,1,1
954,ACT1,SEC8,2,2
955,ACT4,SEC202,1,1
956,ACT5,SEC73,1,1
956,ACT3,SEC413,2,2
957,ACT3,SEC16,1,1
957,ACT3,SEC245,2,2
958,ACT1,SEC191,1,1
959,ACT2,SEC295,1,1
960,ACT3,SEC317,1,1
960,ACT5,SEC178,2,2
961,ACT1,SEC205,1,1
961,ACT5,SEC42,2,2
961,ACT5,SEC403,3,3
962,ACT3,SEC435,1,1
962,ACT3,SEC308,2,2
962,ACT3,SEC238,3,3
963,ACT4,SEC14,1,1
964,ACT4,SEC237,1,1
964,ACT2,SEC496,2,2
965,ACT5,SEC93,1,1
966,ACT5,SEC15,1,1
966,ACT4,SEC495,2,2
967,ACT3,SEC397,1,1
968,ACT3,SEC111,1,1
969,ACT2,SEC46,1,1
970,ACT1,SEC409,1,1
970,ACT3,SEC443,2,2
971,ACT2,SEC388,1,1
971,ACT4,SEC48,2,2
972,ACT3,SEC126,1,1
972,ACT2,SEC117,2,2
973,ACT5,SEC381,1,1
973,ACT2,SEC482,2,2
973,ACT2,SEC154,3,3
974,ACT2,SEC413,1,1
975,ACT5,SEC174,1,1
975,ACT2,SEC69,2,2
975,ACT3,SEC155,3,3
976,ACT4,SEC145,1,1
976,ACT5,SEC119,2,2
976,ACT5,SEC174,3,3
977,ACT3,SEC213,1,1
977,ACT3,SEC80,2,2
977,ACT2,SEC457,3,3
978,ACT1,SEC318,1,1
979,ACT2,SEC412,1,1
979,ACT3,SEC298,2,2
980,ACT5,SEC426,1,1
980,ACT4,SEC102,2,2
981,ACT4,SEC25,1,1
981,ACT1,SEC155,2,2
981,ACT5,SEC431,3,3
982,ACT2,SEC364,1,1
982,ACT2,SEC235,2,2
983,ACT5,SEC311,1,1
983,ACT1,SEC25,2,2
983,ACT1,SEC358,3,3
984,ACT3,SEC210,1,1
984,ACT1,SEC464,2,2
985,ACT4,SEC19,1,1
986,ACT1,SEC491,1,1
986,ACT1,SEC10,2,2
987,ACT3,SEC51,1,1
988,ACT5,SEC308,1,1
988,ACT4,SEC334,2,2
988,ACT1,SEC438,3,3
989,ACT4,SEC65,1,1
989,ACT5,SEC475,2,2
990,ACT4,SEC489,1,1
990,ACT3,SEC248,2,2
990,ACT1,SEC2,3,3
991,ACT3,SEC458,1,1
991,ACT4,SEC477,2,2
991,ACT3,SEC472,3,3
992,ACT5,SEC25,1,1
992,ACT2,SEC456,2,2
992,ACT2,SEC230,3,3
993,ACT4,SEC164,1,1
994,ACT3,SEC325,1,1
994,ACT5,SEC497,2,2
994,ACT3,SEC133,3,3
995,ACT3,SEC311,1,1
995,ACT5,SEC297,2,2
996,ACT3,SEC376,1,1
996,ACT3,SEC178,2,2
996,ACT3,SEC58,3,3
997,ACT3,SEC341,1,1
997,ACT5,SEC3,2,2
997,ACT1,SEC86,3,3
998,ACT5,SEC325,1,1
998,ACT2,SEC450,2,2
998,ACT5,SEC264,3,3
999,ACT2,SEC385,1,1
999,ACT4,SEC186,2,2
1000,ACT3,SEC317,1,1
