VictimMasterID,CaseMasterID,VictimName,AgeYear,GenderID,VictimPolice
1,240,Urvi Mitra,26,2,0
2,332,Osha Dhaliwal,71,2,0
3,801,Azad Bahri,40,1,0
4,797,Quincy Parmar,41,1,0
5,170,Dalaja Gade,42,2,0
6,169,Tanmayi Nath,27,1,1
7,157,Nachiket Walia,65,1,1
8,474,Manya Ahuja,75,1,0
9,589,Tanvi Palla,5,1,1
10,438,Omya Patel,85,2,1
11,189,Indrajit Bhandari,83,1,0
12,129,Ekapad Pillai,55,1,1
13,877,Indira Bajwa,72,1,0
14,132,Gaurika Edwin,28,2,0
15,184,Yatan Bajwa,70,2,0
16,954,Chakradhar Sood,7,1,0
17,850,Maanas Gandhi,71,1,1
18,516,Qabil Badami,68,2,1
19,746,Hardik Rama,77,2,1
20,233,Raghav Arya,88,1,1
21,27,Sai Bhatt,74,1,0
22,204,Yachana Gupta,38,1,0
23,301,Anita Jaggi,9,2,1
24,466,Qabil Boase,6,2,1
25,403,Mitesh Mistry,18,2,0
26,777,Avi Devan,51,1,0
27,356,Shaurya Goda,41,1,0
28,391,Hemani Gulati,54,2,1
29,285,Aadi Bath,21,1,1
30,673,Rachita Chakraborty,50,2,0
31,600,Indrajit Wali,28,1,1
32,731,Tarak Kari,41,1,1
33,506,Bhavani Rajagopalan,28,2,1
34,31,Bahadurjit Samra,49,2,1
35,494,Hemangini Ranganathan,36,1,1
36,309,Amaira Bhatia,54,2,0
37,79,Zansi Minhas,56,2,0
38,393,Amruta Rajan,14,1,1
39,950,Yashvi Dutt,9,1,1
40,769,Aadi Oak,37,1,0
41,656,Fariq Kalita,35,1,1
42,780,Lohit Patel,72,1,1
43,394,David Saxena,50,2,0
44,258,Logan Sharma,37,2,1
45,604,Gaurang Divan,90,1,1
46,391,Damyanti Bahl,27,2,0
47,432,Rachit Savant,84,2,1
48,550,Ayushman Kata,63,2,0
49,36,Girish Sachdev,58,2,0
50,515,Yashodhara Chacko,6,2,1
51,269,George Shanker,55,1,1
52,955,Ekansh Bajwa,84,1,0
53,432,Omaja Bedi,84,1,0
54,369,Mitali Rana,37,2,1
55,683,Krishna Vohra,37,2,0
56,886,Eta Narain,32,1,1
57,876,Warjas Madan,54,1,0
58,98,Nisha Taneja,56,2,0
59,649,Dominic Chauhan,78,2,0
60,424,Champak Dugar,88,2,0
61,122,Indira Kalita,87,2,0
62,911,Radhika Sheth,6,1,0
63,793,Darsh Madan,14,1,1
64,439,Ekantika Solanki,44,1,0
65,111,Aarav Tak,24,1,0
66,44,Chakrika Ramachandran,55,1,0
67,588,Darika Sandhu,46,1,0
68,57,Zayyan Sagar,72,2,1
69,899,Matthew Kota,74,2,0
70,910,Eshana Rana,15,1,1
71,656,Udant Kara,43,2,0
72,810,Gaurav Tandon,54,1,0
73,350,Shaurya Ranganathan,53,1,1
74,959,Champak Kothari,89,2,1
75,840,Oviya Sur,60,2,0
76,779,Amaira Rao,61,2,0
77,95,Mugdha Dora,74,1,1
78,957,Adya Bath,21,1,1
79,686,Ojasvi Tara,24,1,1
80,468,Caleb Dey,63,1,0
81,804,Fiyaz Borra,26,2,1
82,976,Kamya Patel,76,2,1
83,576,Ayaan Natt,40,1,0
84,185,Abeer Narasimhan,26,2,1
85,245,Shivani Chowdhury,48,1,1
86,306,Onveer Doctor,57,2,1
87,170,Ojas Kota,12,2,0
88,256,Tamanna Rana,53,2,1
89,663,Udarsh Sant,11,1,1
90,604,Madhav Biswas,76,1,0
91,898,Anjali Dass,37,1,1
92,429,Saksham Som,90,1,0
93,241,Elijah Ghosh,45,2,0
94,208,Yutika Munshi,31,2,0
95,542,Om Panchal,26,2,0
96,814,Naveen Mohanty,75,2,0
97,957,Ekavir Peri,68,1,0
98,835,Isaac Oak,46,1,1
99,293,Tamanna Vig,82,2,0
100,236,Yochana Dara,67,1,0
101,917,Leena Chandra,51,2,0
102,692,Januja Sankaran,36,1,1
103,729,Liam Randhawa,19,2,1
104,494,Aarna Oak,87,2,0
105,817,David Ghosh,90,1,0
106,634,Dhriti Bhakta,39,2,1
107,134,Faras Om,36,2,1
108,253,Ishanvi Bobal,29,1,0
109,409,Ishwar Magar,47,1,1
110,19,Jackson Nori,83,2,0
111,105,Thomas Chatterjee,44,2,0
112,179,Fariq Krishna,19,1,1
113,468,Chasmum Chand,32,1,1
114,213,Xalak Trivedi,69,1,1
115,584,Barkha Ray,66,1,1
116,39,Karan Bajwa,43,1,0
117,697,Nandini Bains,82,1,1
118,809,Divya Palla,44,1,1
119,931,Arjun Dara,5,1,0
120,625,Noah Nair,67,1,0
121,947,Hemang Palan,68,1,0
122,687,Nimrat Dhingra,59,2,1
123,705,Jason Tata,9,2,0
124,838,Oliver Prabhakar,86,2,0
125,954,Pushti Setty,73,2,0
126,362,Yagnesh Bail,39,2,1
127,104,Nimrat Shankar,55,1,0
128,126,Janaki Ben,33,1,1
129,613,Warda Banik,53,2,1
130,881,Jyoti Sankar,18,1,1
131,435,Vinaya Wason,13,2,0
132,171,Inaya Chopra,73,1,1
133,53,Yashvi Oommen,63,1,0
134,532,Girik Kalita,74,1,0
135,676,Aachal Boase,45,1,0
136,499,Vinaya Gade,11,2,0
137,17,Abha Chakraborty,30,1,1
138,749,Sanya Pradhan,49,1,1
139,734,Yutika Grewal,42,1,0
140,357,Aadhya Loyal,12,2,0
141,711,Chakradev Apte,36,2,0
142,508,Vanya Shan,37,1,0
143,252,Ati Bal,52,1,0
144,635,Hamsini Kalita,54,2,0
145,388,Madhav Sabharwal,56,2,0
146,274,Kamya Majumdar,64,2,0
147,503,Leena Dass,7,2,0
148,212,Aadi Ram,56,1,0
149,103,Bina Sawhney,73,1,1
150,110,Girish Biswas,49,1,1
151,486,Ayushman Tella,31,1,1
152,821,Omaja Bumb,48,2,0
153,307,Abdul Swaminathan,41,2,0
154,290,Darpan Kalla,83,1,0
155,130,Leela Dani,21,1,0
156,865,Oliver Doshi,74,2,0
157,446,Timothy Rajagopal,90,2,1
158,4,Bhavani Sagar,55,1,1
159,648,Watika Sama,79,2,0
160,705,Gauri Sachdev,24,2,0
161,307,Tarak Mistry,26,1,1
162,569,Avi Shenoy,16,1,1
163,898,Garima Solanki,29,1,1
164,405,Sathvik Wagle,13,1,1
165,470,Upasna Zachariah,60,1,1
166,149,George Menon,12,2,0
167,913,Irya Raj,9,2,0
168,676,Janya Butala,8,1,1
169,64,Laban Nayak,77,2,0
170,552,Pahal Khatri,26,1,0
171,531,Gavin Sarraf,64,2,1
172,687,Kiaan Prasad,59,2,1
173,216,Ekaraj Srivastava,85,2,1
174,602,Nimrat Upadhyay,7,2,1
175,554,Maya Kala,50,1,1
176,904,Eshana Thaman,67,2,0
177,315,Irya Borde,67,2,1
178,668,Tanveer Grewal,87,2,0
179,758,Benjamin Dey,70,2,0
180,987,Ishwar Chahal,19,1,0
181,753,Simon Malhotra,73,2,0
182,617,Indali Lad,86,2,0
183,530,Ishaan Purohit,42,1,0
184,27,Nidhi Batta,25,2,1
185,390,Prisha Mukhopadhyay,50,1,1
186,455,Geetika Bajaj,47,1,1
187,52,Chaitanya Das,68,2,1
188,116,Aishani Yadav,34,2,1
189,328,Qasim Korpal,54,1,1
190,906,Zarna Johal,54,1,1
191,763,Vasana Mohanty,56,2,0
192,268,Yachana Walla,15,1,0
193,643,Diya Mitter,68,2,1
194,181,Alexander Soman,47,2,1
195,213,Ayushman Pant,32,2,1
196,583,Anay Kala,74,2,1
197,188,Siya Bhat,33,1,0
198,724,Mohini Jain,24,1,0
199,28,Aadhya Sundaram,66,1,1
200,392,Zinal Sharaf,14,1,0
201,140,Parth Balasubramanian,7,2,0
202,793,Janaki Sibal,19,1,1
203,581,Azad Kashyap,56,1,0
204,48,Xalak Shukla,76,2,0
205,947,Yochana Borah,84,2,1
206,611,Rachita Boase,34,1,0
207,917,Bhavani Kar,87,2,0
208,249,Udyati Sarkar,60,1,1
209,705,Brijesh Randhawa,38,2,0
210,164,Hritik Vyas,11,2,0
211,200,Rishi Dyal,46,1,0
212,377,Bakhshi Karan,30,1,0
213,667,Aashi Kapoor,84,2,1
214,909,Vyanjana Bobal,12,2,0
215,142,Aadhya Deshmukh,41,2,0
216,734,Ekavir Dash,74,2,0
217,184,Upma Srinivasan,51,1,1
218,325,Balvan Tank,84,1,1
219,685,Gopal Sunder,41,1,0
220,216,Samar Gade,43,2,1
221,645,Charles Lala,62,2,0
222,662,Dev Kant,37,2,0
223,952,Leela Memon,52,1,0
224,730,Omisha Saran,73,2,1
225,73,Oeshi Sodhi,86,2,1
226,227,Geetika Sridhar,67,2,0
227,501,Aarush Venkatesh,53,1,0
228,593,Saanvi Saran,5,1,0
229,377,Onveer Tank,39,2,1
230,38,Ishwar Gopal,59,1,0
231,887,Harrison Dixit,9,1,1
232,659,Neha Memon,66,1,1
233,93,Inaya Nagar,47,2,1
234,174,Chaitaly Gala,89,2,1
235,449,Kabir Virk,79,2,1
236,134,Aarini Sundaram,60,1,0
237,897,Alexander Ramaswamy,53,1,0
238,618,Qabil Gaba,16,2,0
239,159,Sara Ghosh,9,1,0
240,652,Zehaan Maharaj,71,2,1
241,890,Rachita Rajagopalan,82,1,0
242,81,Pranav Munshi,29,1,0
243,179,Bachittar Sengupta,69,2,1
244,994,Lila Karpe,32,1,0
245,599,Anita Swaminathan,89,2,1
246,391,Tanay Devi,24,2,0
247,883,Omkaar Mitra,48,2,0
248,384,Nitara Rai,64,2,0
249,10,Jeremiah Sunder,61,2,1
250,626,Simon Murthy,81,2,1
251,982,Raghav Mallick,17,2,1
252,764,Pahal Narayanan,26,1,1
253,808,Yatan Kala,82,1,0
254,826,Faraj Lalla,78,1,0
255,69,Rudra Sachar,58,2,0
256,703,Benjamin Deep,8,1,0
257,818,Vrinda Mitter,54,2,0
258,343,Lakshmi Agrawal,53,1,1
259,656,Hritik Chokshi,88,2,1
260,468,Jagrati Sastry,18,2,0
261,546,Baljiwan Ghosh,86,1,1
262,981,Sathvik Sekhon,41,1,0
263,232,Azaan Joshi,50,2,0
264,997,Yagnesh Swaminathan,88,1,1
265,967,Harrison Sahni,42,2,0
266,451,Chandresh Sharaf,58,1,1
267,98,Amara Madan,44,2,0
268,859,Triveni Sabharwal,31,1,0
269,207,Manbir Chauhan,25,1,1
270,323,Rayaan Chandran,83,2,0
271,278,Eta Maharaj,76,2,1
272,447,Neel Warrior,53,2,0
273,359,Yashica Wali,7,2,0
274,252,Anya Seth,76,1,0
275,236,Ekiya Barad,16,1,0
276,296,Samaksh Gupta,33,2,0
277,976,Yasti Ratti,84,1,1
278,669,Baljiwan Boase,51,1,0
279,710,Charvi Modi,74,1,1
280,580,Ayush Gill,22,1,1
281,745,Meera Zacharia,42,1,0
282,286,Sai Gera,67,1,1
283,78,Yash Bajwa,14,2,1
284,682,Pooja Merchant,7,2,0
285,956,Varsha Bedi,62,1,0
286,117,Dayamai Baral,51,2,1
287,177,Falan Agarwal,80,2,1
288,629,Frado Vaidya,85,1,0
289,837,Urishilla Acharya,79,1,0
290,386,Vrishti Khanna,10,1,0
291,619,Rudra Som,50,2,1
292,132,Urishilla Talwar,27,2,1
293,891,Ekta Rege,24,1,0
294,834,Vinaya Dube,56,2,1
295,699,Ayushman Walla,15,2,1
296,570,Xiti Palla,81,2,0
297,954,Vamakshi Mishra,42,2,1
298,402,Praneel Balan,7,1,0
299,614,Dominic Ahluwalia,67,2,0
300,546,Vihaan Walia,45,2,0
301,233,Yoshita Pillai,59,1,0
302,682,Robert Mani,36,1,0
303,326,Yachana Rattan,13,2,0
304,869,Manya Choudhary,79,2,1
305,165,Om Rana,74,2,0
306,58,Bhavna Som,53,2,1
307,891,Harinakshi Balay,68,1,1
308,34,Azaan Choudhury,68,1,0
309,144,Mohammed Gopal,46,2,0
310,78,Rushil Pillay,63,1,0
311,275,Daksh Soman,29,2,1
312,158,Manbir Dayal,31,2,1
313,760,Jason Maharaj,89,2,1
314,354,Mason Kurian,6,2,0
315,216,Onkar Peri,57,1,0
316,69,Kai Mani,25,1,1
317,753,Orinder Grover,9,2,0
318,444,Rayaan Hora,50,2,1
319,184,Megha Jani,89,1,1
320,593,Timothy Tailor,56,2,0
321,656,Qadim Malhotra,7,2,0
322,296,Rachita Tella,60,1,0
323,165,Aahana Padmanabhan,27,1,1
324,811,Eiravati Varghese,37,1,0
325,375,Yashvi Apte,20,1,1
326,688,Gauri Basu,68,1,0
327,658,Jagdish Ahuja,13,1,0
328,230,Wyatt Radhakrishnan,61,2,1
329,505,Tanmayi Wason,21,1,1
330,644,Max Narula,80,2,1
331,64,Aarini Barad,16,2,0
332,16,Aditya Master,81,2,1
333,133,Amrita Sidhu,87,2,0
334,149,Chavvi Keer,39,2,1
335,981,Priya Lanka,67,2,0
336,933,Chakradhar Patla,78,2,0
337,934,Kevin Narain,15,2,1
338,282,Ishanvi Dutta,21,2,1
339,308,Xiti Jayaraman,13,2,0
340,368,Ranbir Dalal,47,2,1
341,464,Ishanvi Kade,57,1,1
342,963,Zinal Sura,84,2,0
343,748,Tristan Dugar,74,2,1
344,418,Udyati Kata,27,1,0
345,598,Neelima Hari,77,2,1
346,749,Geetika Rajan,31,1,0
347,319,Vincent Buch,90,1,0
348,556,Fariq Mittal,59,2,1
349,578,Brijesh Anand,9,2,1
350,380,Umang Gara,80,2,0
351,700,Thomas Ravel,33,1,1
352,702,Chakradhar Subramanian,51,1,1
353,298,Pranit Date,65,2,0
354,248,Vamakshi Bhandari,37,1,1
355,139,Umang Reddy,16,1,0
356,258,Sanya Khalsa,89,1,1
357,423,Qabil Chowdhury,83,1,0
358,90,Hredhaan Mutti,73,2,0
359,629,Vyanjana Bath,80,2,0
360,599,Barkha Varkey,12,1,0
361,75,Darika Varghese,73,2,0
362,281,Kiaan Prabhakar,23,2,1
363,710,Vasana Bhandari,55,1,1
364,388,Vamakshi Badami,65,2,1
365,704,Yashvi Karnik,47,1,0
366,680,Aashi Bhatti,28,2,0
367,17,Qabil Chada,75,2,0
368,668,Arjun Talwar,31,2,0
369,156,Jai Sarma,24,1,1
370,782,Patrick Deshmukh,72,1,1
371,951,Jacob Sant,79,1,0
372,92,David Kohli,73,1,1
373,74,Quincy Toor,8,2,0
374,806,Manbir Sangha,56,2,0
375,383,Umang Bhatnagar,67,2,1
376,16,Osha Mody,82,2,1
377,295,Triveni More,26,2,0
378,888,Vedhika Chawla,12,1,0
379,499,Yashodhara Bhagat,30,2,0
380,386,Arjun Sule,53,2,0
381,807,Aahana Parikh,84,2,1
382,154,Ridhi Raghavan,22,1,0
383,550,Yatin Morar,38,1,0
384,636,Rehaan Sekhon,17,2,1
385,97,Ria Wagle,33,1,1
386,454,Manthan Sanghvi,61,1,0
387,510,Sanaya Karnik,55,2,1
388,392,Zarna Mann,7,2,0
389,427,Faraj Tella,83,1,0
390,122,Daksha Char,17,1,1
391,225,Sarthak Prabhakar,39,2,1
392,549,Gavin Nazareth,35,2,0
393,236,Harini Chaudry,53,1,1
394,333,Keya Kota,51,1,1
395,590,Darpan Kari,53,2,1
396,344,Libni Bala,30,1,1
397,75,Hredhaan Chandran,11,1,0
398,972,Ijaya Ramakrishnan,22,1,1
399,943,Manya Natarajan,29,2,1
400,809,Priya Sinha,87,1,1
401,540,Ekalinga Verma,9,1,0
402,81,Urvi Nagy,15,2,1
403,956,Isha Lad,5,1,0
404,688,Urishilla Choudhry,59,1,1
405,757,Anita Khosla,26,1,0
406,515,Jyoti Madan,46,2,0
407,360,Mugdha Nayak,15,2,1
408,194,Yashoda Chawla,47,1,0
409,295,Timothy Bora,59,2,0
410,177,Lipika Sani,44,1,0
411,904,Arjun Bhatia,81,2,1
412,935,Vasatika Dani,32,2,1
413,162,Luke Madan,11,2,1
414,913,Isaiah Kashyap,80,1,1
415,740,Bimala Sawhney,30,2,1
416,956,Lopa Sandal,58,1,1
417,806,Ranveer Hayre,36,2,1
418,645,Sathvik Chokshi,18,2,1
419,955,Neel Subramaniam,74,1,1
420,304,Anirudh Boase,64,1,1
421,703,Aashi Korpal,73,2,1
422,512,Widisha Sastry,45,1,1
423,618,Frederick Bhattacharyya,14,1,0
424,77,Idika Sibal,29,2,0
425,963,Odika Sandal,24,1,0
426,449,Advaith Char,24,2,1
427,744,Sarthak Khalsa,15,2,0
428,706,Irya Murthy,23,2,1
429,358,Manthan Kala,68,2,0
430,740,Kala Mohanty,29,1,1
431,689,Gautam Thakur,64,2,1
432,108,Ayaan Shukla,6,1,1
433,364,Dalbir Nagar,62,1,1
434,703,Rehaan Sarma,52,1,0
435,41,Keya Deshpande,7,1,1
436,721,Isaac Nadkarni,11,2,1
437,814,Urmi Toor,27,1,1
438,247,Omya Sankar,85,1,0
439,521,Vivaan Dhaliwal,77,1,0
440,947,Chavvi Gour,53,2,1
441,34,Jalsa Din,11,2,1
442,826,Arin Kale,63,1,1
443,539,Naveen Ramesh,85,2,0
444,129,Chandresh Kunda,64,1,0
445,569,Pushti Chaudhuri,62,2,1
446,643,Rajata Walla,12,2,1
447,573,Gautam Mangal,15,1,1
448,953,Harini Bhasin,16,2,0
449,796,Ira Wali,81,2,1
450,223,Ekta Sunder,17,1,1
451,428,Hiral Patla,21,1,1
452,533,Wakeeta Soni,90,1,1
453,392,Harini Chadha,50,1,0
454,846,Tanveer Viswanathan,59,1,1
455,611,Joshua Dixit,34,1,1
456,734,Advay Mishra,36,2,1
457,39,Hemal Goda,34,2,1
458,175,Aarnav Bhatti,64,2,1
459,762,Laksh Ramanathan,72,2,0
460,724,Samesh Kapadia,57,1,1
461,868,Sneha Morar,72,2,0
462,766,Radha Mammen,28,1,1
463,133,Udarsh Chahal,12,1,1
464,808,Chameli Hegde,84,1,1
465,84,Matthew Bhatia,44,1,1
466,247,Mahika Vyas,63,2,0
467,23,Tristan Dhawan,87,2,0
468,923,Ishani Nanda,33,1,1
469,685,Abhimanyu Naidu,9,1,0
470,284,Nitesh Dugar,86,2,1
471,741,Fariq Ahuja,66,2,0
472,844,Bhavika Kala,84,2,0
473,849,Charles Virk,54,2,1
474,614,Anita Buch,78,2,0
475,881,Bishakha Suri,32,2,1
476,706,Eiravati Subramaniam,15,2,1
477,290,Tanveer Kata,47,1,1
478,399,Shaurya Chandran,33,2,1
479,570,Xavier Ravi,47,2,1
480,825,Upasna Oak,45,2,0
481,365,Banjeet Sundaram,42,1,1
482,946,Onkar Gulati,15,2,0
483,133,Ansh Ahuja,58,2,1
484,470,Chandresh Sha,48,2,1
485,159,Hema Pillai,68,1,1
486,603,Laban Varty,34,2,1
487,312,Zansi Char,25,2,1
488,908,Girindra Doctor,16,1,1
489,958,Megha Anne,38,2,0
490,523,Aarna Ahluwalia,22,2,1
491,372,Wridesh Zachariah,77,1,0
492,725,Baljiwan Sane,42,2,0
493,520,Yachana Vig,78,1,0
494,872,Urvashi Mann,82,2,1
495,935,Harita Bains,77,1,1
496,737,Guneet Chand,42,2,1
497,624,Chavvi Kale,32,2,0
498,564,Gavin Wadhwa,45,1,0
499,277,Sanaya Keer,62,1,0
500,500,Anita Sachdev,65,2,0
501,581,Gagan Kohli,29,2,1
502,256,Aadhya Gandhi,78,1,0
503,518,Ranveer Hegde,29,1,0
504,60,Fitan Dave,19,2,1
505,736,Hamsini Narang,90,2,1
506,622,Nisha Chada,32,2,0
507,146,Benjamin Gulati,71,2,1
508,876,Hemani Murty,84,1,0
509,291,Tejas Iyengar,69,2,0
510,868,Idika Ramesh,49,1,0
511,289,Oni Doctor,5,1,0
512,71,Gautami Kumar,13,2,0
513,384,Tripti Saran,73,1,1
514,502,Geetika Viswanathan,46,2,1
515,686,Elijah Mammen,53,2,1
516,604,Hitesh Kothari,12,2,0
517,476,Samesh Deshpande,38,2,1
518,202,Harshil Pant,13,1,0
519,382,Jagrati Ben,54,2,0
520,677,Gunbir Johal,7,2,1
521,999,Neha Contractor,88,2,1
522,929,Brinda Chatterjee,55,1,1
523,472,Jagrati Amble,46,2,0
524,238,Krishna Bumb,64,2,1
525,572,Advika Sant,19,1,0
526,336,Manan Barad,21,2,0
527,263,Hitesh Bhardwaj,33,1,1
528,772,Ati Hegde,79,1,1
529,551,Advaith Barad,44,1,1
530,591,Kashish Basu,17,2,1
531,667,Isaiah Soni,16,1,1
532,793,Arjun Dhaliwal,52,1,0
533,810,Fitan Sahota,59,2,0
534,790,Vedika Yogi,21,1,1
535,574,Bhavya Rai,53,2,1
536,885,Dipta Gera,54,2,0
537,792,Lakshit Mukherjee,35,2,0
538,529,Rushil Baria,54,1,0
539,88,Gaurav Aggarwal,44,1,1
540,419,Manya Bajwa,60,1,1
541,488,Yashvi Cherian,73,1,0
542,914,Faraj Wason,25,1,1
543,430,Warinder Purohit,49,1,0
544,343,Radhika Rai,48,1,1
545,926,Aryan Sama,70,1,1
546,250,Jagvi Balakrishnan,14,1,0
547,178,Krishna Grewal,40,1,0
548,90,Urvi Mahajan,20,1,0
549,992,Chaitanya D’Alia,77,1,0
550,84,Maya Wable,82,2,1
551,908,Aishani Bobal,83,1,1
552,829,Baghyawati Mukhopadhyay,83,1,1
553,927,Ekanta Memon,19,1,0
554,104,Ojas Yogi,39,1,0
555,576,Vasudha Krishnan,71,1,0
556,623,Mahika Sen,12,1,0
557,319,Ayaan Chanda,24,2,0
558,460,Vanya Handa,85,2,1
559,264,Xalak Yohannan,51,2,0
560,873,Jagvi Sarin,7,2,1
561,63,Onkar Mittal,34,2,0
562,458,Yuvraj Krishna,63,2,0
563,955,Akshay Sachar,27,1,1
564,921,Sarthak Ramaswamy,80,1,0
565,202,Veer Nagy,28,2,0
566,652,Harita Kadakia,6,2,0
567,473,Gaurav Wason,10,2,1
568,958,Upkaar Chhabra,68,1,0
569,359,Shravya Kaul,70,2,0
570,327,Hredhaan Srinivasan,51,2,1
571,695,Hemang Char,48,2,0
572,184,Max Randhawa,65,1,1
573,870,Bhavini Bahl,74,1,1
574,454,Gautami Narayanan,11,1,1
575,63,Advik Bhandari,6,1,1
576,925,Jhalak Zacharia,65,2,1
577,504,Thomas Golla,26,1,0
578,507,Upadhriti Shroff,39,1,0
579,453,Kamala Pall,87,1,0
580,381,Prisha Ramakrishnan,26,2,1
581,988,Madhavi Mander,17,1,0
582,470,Sudiksha Mangat,89,2,1
583,214,Gunbir Soni,22,2,0
584,546,Teerth Tiwari,47,1,1
585,19,Vedhika Wason,61,1,1
586,34,Rajeshri Padmanabhan,60,2,1
587,753,Kala Chander,52,2,0
588,473,Qadim Soman,51,1,0
589,950,Parth Savant,26,1,1
590,417,Patrick Palla,19,1,1
591,15,Arjun Srinivas,33,2,1
592,898,Gaurang Taneja,64,2,0
593,321,Theodore Pal,80,1,1
594,659,Charles Anne,65,1,0
595,398,Wakeeta Patla,65,1,1
596,692,Isha Salvi,59,2,1
597,534,Chandresh Gole,58,2,1
598,205,Janani Bhattacharyya,77,1,1
599,386,Gautami Wadhwa,71,2,1
600,29,Agastya Dhar,11,1,1
601,318,Charita Arora,25,2,0
602,315,Owen Shenoy,68,1,0
603,773,Noah Ahluwalia,81,2,1
604,882,Upkaar Mane,50,1,0
605,756,Qasim Sidhu,49,2,1
606,94,Lakshit Peri,66,1,1
607,128,Anita Rana,32,2,0
608,344,Ekbal Konda,78,1,1
609,399,Hitesh Kapadia,46,1,1
610,971,Chaitanya Kaur,83,1,0
611,163,Tanay Sahni,61,1,1
612,620,Leena Kara,19,1,0
613,824,Pranav Lalla,41,2,0
614,515,Brinda Patel,60,1,0
615,722,Reva Narain,50,2,1
616,647,Max Bose,63,1,1
617,527,Chaman Pillay,33,2,1
618,545,Wishi Dara,26,1,0
619,950,Lakshit Talwar,54,1,0
620,649,Megha Oak,21,1,1
621,278,Watika Nath,53,2,0
622,307,Hardik Tella,36,2,0
623,317,Girish Goda,47,2,0
624,957,Nimrat Pillay,26,1,0
625,864,Unnati Nagarajan,59,2,0
626,153,Nachiket Chad,65,2,1
627,272,Harrison Bajwa,31,2,0
628,740,Anmol Raman,80,1,0
629,49,Lucky Vora,45,2,0
630,827,Warinder Sanghvi,76,2,1
631,620,Chandran Aurora,51,1,1
632,556,Ekta Sule,53,1,0
633,498,Ranbir Deo,37,2,1
634,671,Arjun Prasad,12,1,1
635,764,Sathvik Toor,55,1,0
636,889,Oni Singh,56,2,0
637,455,Shivansh Gupta,77,2,1
638,324,Manbir Balasubramanian,79,1,0
639,704,Jasmit Nadkarni,47,2,1
640,710,Matthew Ahluwalia,20,1,0
641,776,Rayaan Misra,62,2,0
642,407,Mitesh Krish,26,1,1
643,379,Janaki Deep,24,1,1
644,153,Maanav Bala,82,2,1
645,564,Harrison Taneja,82,1,1
646,677,Jagrati Mukhopadhyay,80,1,0
647,445,Widisha Chauhan,41,1,0
648,288,Ganga Thaker,7,2,1
649,640,Dayamai Thakkar,17,1,0
650,551,Lakshmi Shroff,8,1,1
651,922,Zaitra Comar,19,1,0
652,619,Waida Mand,70,1,1
653,679,Ira Thakur,49,1,0
654,616,Saumya Mander,48,1,0
655,724,Januja Modi,27,1,0
656,734,Charan Shan,33,2,0
657,935,Gaurika Chatterjee,82,1,1
658,40,Bachittar Mangal,65,2,0
659,77,Mitesh Ramakrishnan,67,1,1
660,349,Aradhana Malhotra,37,2,0
661,386,Megha Parmer,74,2,0
662,895,Qabil Seth,21,2,0
663,77,Urvashi Bose,82,2,1
664,188,Quincy Manda,11,2,0
665,251,Udarsh Choudhary,49,1,1
666,414,Janya Narain,6,1,0
667,892,Meghana Kapur,36,1,0
668,274,Jeet Doshi,25,2,1
669,232,Kamala Sarma,42,2,0
670,881,Chavvi Bassi,32,2,1
671,509,Meera Varkey,79,1,0
672,98,Laksh Virk,67,2,1
673,397,Bahadurjit Minhas,25,1,1
674,709,Dayamai Palla,31,1,1
675,114,Ridhi Bandi,26,1,1
676,655,Oliver Pall,51,2,1
677,122,Arunima Sura,8,2,1
678,585,Rachita Singh,70,2,1
679,948,Reyansh Gill,57,1,1
680,332,Kevin Hora,55,1,1
681,549,Bhavika Buch,19,2,1
682,333,Alexander Hora,9,1,1
683,673,Adweta Setty,55,1,0
684,575,Neelima Bhargava,52,2,0
685,937,Hemal Madan,5,1,1
686,914,Nathaniel Buch,39,1,1
687,966,Bimala Oza,39,1,0
688,674,Chatresh Thaker,8,2,1
689,119,Gunbir Contractor,23,2,0
690,61,Yuvraj Murty,72,1,1
691,613,Timothy Issac,29,2,0
692,513,Darika Nigam,35,1,0
693,369,Kiaan Balasubramanian,23,1,0
694,484,Aditya Pant,16,2,0
695,74,Watika Palla,62,1,0
696,777,Unnati Sankar,70,1,0
697,788,Pranav Vasa,43,1,1
698,43,Ekaraj Wali,48,2,1
699,742,Upma Goel,66,1,1
700,594,Qabil Mohan,77,1,0
701,584,Aashi Chaudry,86,1,1
702,715,Qushi Chad,88,1,0
703,829,Yagnesh Sengupta,35,1,1
704,780,Rohan Sule,34,1,1
705,127,Girik Chaudhary,8,2,0
706,82,Arin Shere,46,2,1
707,575,Jagrati Keer,36,1,1
708,476,Isaiah Mandal,64,1,1
709,966,Widisha Majumdar,63,1,1
710,87,Ayush Mahal,22,1,0
711,202,Avi Lall,73,2,0
712,561,Kabir Mallick,88,2,0
713,889,Tanmayi Thaman,71,2,0
714,50,Zaitra Vig,17,1,1
715,23,Yauvani Sarma,62,1,0
716,893,Odika Sunder,77,1,1
717,409,Qushi Mann,81,2,0
718,891,Nachiket Bedi,41,2,0
719,570,Kritika Bains,68,2,0
720,615,Bakhshi Khalsa,53,2,0
721,204,Yashasvi Gill,51,1,1
722,924,Bhavya Master,31,1,1
723,759,Owen Dhar,27,1,1
724,63,Rajeshri Uppal,20,1,0
725,665,Orinder Krishna,81,2,0
726,36,Chakrika Aggarwal,87,1,0
727,912,Ijaya Dar,33,2,1
728,462,Jai Natt,49,2,0
729,208,Tarak Babu,50,1,1
730,660,Forum Dass,26,2,1
731,884,Onveer Menon,41,1,1
732,132,Ayush Soni,71,2,1
733,702,Krishna Palan,32,2,1
734,768,Varenya Deshpande,20,2,0
735,834,Sachi Dass,51,2,1
736,358,Matthew Tank,52,1,0
737,635,Aarini Chadha,43,2,1
738,351,Hiral Bumb,10,2,1
739,897,Waida Ghosh,36,1,0
740,19,Bimala Dewan,13,2,1
741,389,Yashawini Dara,72,2,1
742,374,Jackson Barman,33,1,0
743,615,Ishaan Deep,41,1,0
744,776,Tanish Deep,45,1,1
745,451,Pavani Samra,82,2,1
746,460,Yachana Sahota,73,2,0
747,568,Fiyaz Bandi,25,2,1
748,590,Guneet Palla,42,1,0
749,246,Azad Bava,89,1,0
750,729,Geetika Dugar,39,2,0
751,54,Barkha Bhatia,77,2,1
752,303,Raghav Chopra,73,2,1
753,884,Harini Jani,34,2,1
754,976,Lajita Sehgal,25,1,1
755,429,Dominic Mangal,49,1,1
756,3,Pahal Grover,50,2,0
757,442,Tanvi Apte,88,2,0
758,691,Yasti Hegde,30,1,0
759,828,Oscar Bala,29,1,1
760,395,Yashasvi Choudhry,50,2,1
761,351,Divya Sarkar,11,1,0
762,983,Vamakshi Dugar,67,2,1
763,302,Rohan Sankaran,83,1,1
764,323,Waida Wagle,11,1,1
765,370,Zansi Sant,7,1,0
766,763,Fariq Sangha,74,2,1
767,522,Arya Chaudhuri,32,1,0
768,431,Dev Ganesh,52,2,0
769,575,Forum Modi,14,2,1
770,998,Lila Mander,6,2,1
771,295,Yutika Vaidya,86,2,0
772,440,Indrajit Shere,17,1,0
773,812,Thomas Suresh,58,1,1
774,319,Jagat Kamdar,21,2,1
775,169,Advik Misra,48,2,0
776,406,Mugdha Chawla,25,2,1
777,927,Aachal Balay,8,2,0
778,159,Eta Venkataraman,16,1,1
779,317,Manan Shroff,85,1,1
780,813,Jagvi Ramaswamy,19,1,0
781,314,Yashodhara Deo,39,1,0
782,632,Omkaar Warrior,41,1,0
783,774,Triveni Yohannan,50,2,1
784,945,Harish Lall,48,1,1
785,547,Xalak Brahmbhatt,39,2,0
786,719,Lakshit Bhakta,60,1,0
787,504,Nihal Sani,47,2,0
788,41,Riya Bansal,16,2,1
789,234,Kavya Sachar,84,1,0
790,608,Damini Sekhon,70,1,1
791,782,Nirja Shroff,37,1,0
792,765,Adweta Dayal,32,1,0
793,79,Janaki Buch,87,2,0
794,32,Ekanta Handa,21,1,1
795,579,Kai Bhattacharyya,56,2,1
796,894,Wridesh Pillay,34,1,0
797,824,Gagan Khanna,75,1,1
798,152,Daksh Halder,57,1,1
799,454,Tejas Samra,49,2,0
800,358,Nirja Gour,17,1,0
801,361,Oviya Pandit,38,1,0
802,339,Abdul Hayer,23,2,1
803,333,Faqid Kohli,85,2,1
804,601,Gunbir Muni,30,1,0
805,914,George Bhatti,39,2,1
806,23,Rohan Bose,40,1,0
807,170,Aashi Dar,45,1,0
808,201,Benjamin Mandal,84,1,0
809,680,Aachal Merchant,19,1,1
810,388,Bhanumati Sandal,33,1,0
811,494,Sanya Gola,51,2,1
812,858,Banjeet Gole,7,2,0
813,834,Vanya Bedi,71,2,1
814,385,Jhalak Arora,5,2,0
815,606,Harrison Soman,52,2,1
816,619,Ira Kuruvilla,52,1,1
817,897,Tamanna Gera,16,1,0
818,55,Matthew Srinivas,17,2,1
819,524,Abha Deshpande,29,1,1
820,126,Manthan Om,62,1,0
821,446,Osha Dyal,38,1,0
822,25,Samaksh Amble,17,2,0
823,547,Dhriti Chaudhry,14,2,1
824,204,Victor Ramaswamy,38,1,0
825,468,Wahab Sha,57,1,0
826,202,Nakul Sengupta,88,2,1
827,559,Ganga Pall,37,2,1
828,250,Bachittar Ramakrishnan,11,2,0
829,646,Nathaniel Kumar,64,1,1
830,761,Ayush Prabhu,69,1,0
831,130,Xalak Bhagat,15,1,1
832,281,Qabil Saxena,16,1,1
833,315,Benjamin Tailor,67,2,0
834,337,Anamika Gour,26,2,0
835,614,Yashoda Gupta,12,2,0
836,863,Harsh Hari,51,2,0
837,167,Bishakha Shetty,60,1,0
838,453,Peter Anne,22,2,1
839,91,Aishani Kara,18,1,1
840,83,Dayita Wadhwa,64,2,0
841,663,Sanya Sur,39,1,1
842,815,Idika Chauhan,31,1,0
843,235,Jhalak Sawhney,32,1,0
844,989,Indrajit Ramakrishnan,33,1,1
845,952,Nakul Lanka,43,2,1
846,719,Vyanjana Gola,83,1,1
847,824,Chandresh Brar,20,1,0
848,523,Xavier Sant,86,2,0
849,111,Kiaan Mangal,10,2,0
850,450,Amrita Uppal,58,1,0
851,855,Brinda Badami,41,1,0
852,886,Januja Shukla,19,1,1
853,880,Zinal Barad,32,2,1
854,793,Harinakshi Sachdev,69,1,1
855,162,Hredhaan Grover,30,2,1
856,647,Sanaya Chaudhari,55,1,1
857,231,Pranav Joshi,76,1,1
858,161,Janya Magar,47,1,1
859,957,Falak Aurora,65,1,1
860,60,Thomas Pathak,62,1,1
861,737,Falak Brar,30,1,0
862,589,Jack Savant,43,2,1
863,347,Daksh Dugar,38,1,1
864,595,Victor Batta,40,2,1
865,941,Krisha Sarraf,46,1,0
866,318,Nimrat Sandal,43,2,1
867,864,Saanvi Gill,51,1,1
868,631,Advik Saraf,20,1,0
869,290,Bachittar Kalla,59,1,1
870,850,Advik Bose,50,1,1
871,45,Aarini Kala,67,1,0
872,331,Anika Padmanabhan,37,1,1
873,32,Yoshita Chokshi,59,2,1
874,471,Alka Setty,65,2,1
875,772,Zansi Handa,60,2,1
876,941,Balveer Din,17,1,1
877,400,Yug Wali,18,1,1
878,97,Chanakya Yogi,88,2,1
879,869,Ekbal Gade,66,2,1
880,70,Balendra Radhakrishnan,14,2,1
881,195,Mohini Dyal,22,1,1
882,474,Avi Golla,37,2,1
883,542,Charles Kumar,43,2,0
884,799,Akshay Tara,74,1,1
885,904,Girik Yogi,28,2,1
886,743,Libni Savant,23,2,1
887,346,Bina Dani,90,1,0
888,733,Adweta Divan,61,2,1
889,698,Bakhshi Nagar,88,2,1
890,603,Nihal Sharma,61,2,1
891,206,Oni D’Alia,7,1,0
892,429,Bhavya Gopal,34,1,1
893,641,Raghav Dhawan,84,2,1
894,744,Isaiah Kapoor,7,2,1
895,985,Nikita Ramachandran,88,1,1
896,406,Yagnesh Rau,82,2,0
897,797,Sachi Sidhu,34,1,1
898,404,George Kala,81,1,0
899,703,Bhavna Saxena,51,2,0
900,919,Owen Reddy,57,2,0
901,242,Udyati Barad,19,2,0
902,882,Parth Soni,67,2,1
903,934,Aahana Chokshi,83,1,1
904,226,Vivaan Chada,43,2,0
905,132,Kashvi Jayaraman,21,1,1
906,813,Banjeet Datta,47,1,0
907,123,Chatresh Borde,15,2,1
908,336,Nandini Wason,16,1,1
909,252,Wishi Saha,52,1,1
910,432,Victor Kohli,19,2,1
911,550,Unni Chakrabarti,67,1,1
912,761,Chaitaly Chaudry,56,1,1
913,906,Upasna Bobal,84,2,1
914,647,Jackson Setty,53,2,1
915,682,Alka Mahajan,59,2,0
916,642,Anmol Singhal,59,1,0
917,77,Vasana Tella,45,2,0
918,381,David Sule,47,1,0
919,360,Abhiram Prabhakar,45,1,0
920,552,Chatresh D’Alia,44,1,1
921,67,Peter Vyas,25,1,0
922,938,Dalbir Sankar,44,1,1
923,564,Damyanti Rajan,67,1,1
924,672,Deepa Sura,22,1,1
925,363,Balveer Sethi,89,2,0
926,960,Onveer Tripathi,39,2,1
927,691,Wriddhish Dalal,68,1,1
928,705,Zayyan Pandey,38,2,0
929,334,Aarna Dhingra,11,2,0
930,189,Inaya Mallick,14,2,0
931,438,Ekansh Hari,9,2,0
932,328,Shivani Tandon,72,2,1
933,192,Tamanna Panchal,15,2,1
934,791,Reyansh Dhingra,30,2,1
935,742,Isaiah Mohanty,14,2,0
936,796,Warhi Soni,71,2,1
937,642,Aayush Khatri,37,1,1
938,401,Isha Gola,33,1,1
939,849,Charvi Purohit,36,2,1
940,644,Nathaniel Bava,35,1,1
941,638,Saumya Master,30,1,1
942,590,Deepa Mannan,42,1,0
943,185,Urmi Gandhi,85,1,1
944,665,Ishani Shah,63,1,0
945,83,Omisha Sridhar,62,1,1
946,254,Leena Randhawa,65,1,0
947,154,Jasmit Pai,38,2,1
948,927,Aashi Kar,16,1,0
949,454,Gaurang Tella,11,1,1
950,96,Brijesh Subramaniam,6,2,0
951,798,Gauri Goda,76,2,1
952,315,Daksh Tata,30,1,1
953,58,Anirudh Dani,7,2,1
954,211,Kavya Aurora,17,1,1
955,629,Jairaj Pai,77,2,1
956,30,Ikbal Saran,10,1,1
957,598,Nikita Biswas,76,2,1
958,27,Ucchal Saran,87,1,1
959,572,Dhruv Manda,16,2,1
960,810,Chakradev Kibe,88,2,1
961,602,Charles Kaul,22,2,0
962,240,Isaiah Khatri,5,2,1
963,569,Radha Chawla,14,2,1
964,296,Turvi Kant,52,2,0
965,752,Michael Prakash,77,1,0
966,706,Peter Tiwari,61,1,1
967,749,Naveen Bali,14,1,1
968,344,Niharika Murty,7,1,1
969,820,Lipika Sekhon,11,1,1
970,223,Hemani Saini,83,1,0
971,101,Indrajit Balasubramanian,7,1,1
972,570,Liam Mutti,9,1,1
973,817,Bhavya Mall,75,1,1
974,296,Lekha Ramaswamy,89,1,1
975,806,Rohan Seshadri,75,2,1
976,353,Henry Karpe,84,2,1
977,274,Osha Bajwa,13,2,0
978,204,Chandran Dhar,8,2,1
979,775,Meera Saini,19,2,1
980,649,Raksha Sarin,28,1,0
981,988,Madhavi Agrawal,48,2,0
982,214,Eshana Chada,76,1,0
983,63,Girish Parmar,7,1,0
984,639,Rishi Sem,58,1,0
985,959,Anamika Parekh,57,2,0
986,808,Reyansh Narasimhan,77,2,1
987,748,Triya Raval,25,1,0
988,46,Liam Badal,46,1,0
989,251,Ekta Cheema,29,1,1
990,578,Ayush Soman,41,1,1
991,931,Yutika Krishnamurthy,73,2,0
992,521,Lakshit Reddy,42,1,1
993,685,Qadim Banik,45,2,0
994,932,Jackson Varughese,46,1,1
995,564,Devika Sunder,23,2,1
996,543,Michael Batra,74,2,1
997,208,Gayathri Samra,76,1,1
998,681,Tara Rege,30,1,0
999,335,Harinakshi Vala,88,1,1
1000,901,Fitan Bedi,63,2,1
1001,557,Chanakya Grover,46,2,1
1002,815,Laban Pillay,72,1,0
1003,420,Xalak Boase,32,1,0
1004,832,Ishaan Chopra,66,2,0
1005,548,Forum Kade,41,2,0
1006,100,Anjali Aggarwal,25,2,0
1007,555,Avi Pandey,25,2,1
1008,157,Sara Mangat,26,2,0
1009,898,Charita Majumdar,67,1,1
1010,915,Gopal Swamy,25,2,0
1011,678,Dayita Sunder,6,1,1
1012,921,Eiravati Sachar,73,2,0
1013,17,Omaja Mann,75,1,0
1014,671,Xalak Nagarajan,73,1,1
1015,641,Advay Solanki,16,1,1
1016,180,Abdul Gala,57,2,0
1017,32,Nandini Patla,77,1,0
1018,593,Lopa Dugar,74,2,0
1019,255,Darpan Rai,22,2,0
1020,592,Sara Krishnamurthy,81,1,1
1021,647,Deepa Gupta,19,1,1
1022,894,Saksham Nagy,46,1,0
1023,398,Garima Bedi,27,1,1
1024,571,Arya Das,74,2,0
1025,78,Gagan Desai,48,2,1
1026,365,Kiaan Bahl,56,1,1
1027,183,Tejas Keer,65,2,1
1028,299,Azaan Vaidya,31,2,1
1029,374,Ishwar Bala,8,2,0
1030,458,Baghyawati Maharaj,39,2,1
1031,151,Hemani Kurian,66,2,0
1032,2,Bimala Sathe,75,2,0
1033,965,Azad Ahluwalia,42,1,1
1034,501,Aradhana Bhardwaj,44,1,1
1035,408,Yug Barad,56,1,0
1036,240,Mugdha Kala,24,2,0
1037,494,Sai Dora,5,2,1
1038,710,Abhimanyu Mitter,84,2,0
1039,246,Isha Oommen,43,1,0
1040,242,Harshil Rajagopal,75,1,0
1041,876,Karan Chacko,65,2,1
1042,574,Alka Boase,37,1,1
1043,348,Tamanna Kothari,54,2,1
1044,754,Karan Nair,9,2,0
1045,654,Dalaja Gandhi,72,1,1
1046,34,Oeshi Guha,69,2,0
1047,306,Bahadurjit Atwal,68,1,1
1048,357,Gauri Nayak,23,1,0
1049,911,Siddharth Rau,60,2,1
1050,381,Rohan Ganesh,6,1,0
1051,797,Balvan Khalsa,72,1,0
1052,561,Hemani Setty,89,2,0
1053,487,Gaurang Johal,39,1,1
1054,971,Lakshmi Chowdhury,77,2,0
1055,479,Ridhi Dugar,19,2,1
1056,175,Yachana Grover,31,2,1
1057,969,Chatresh Chawla,29,1,0
1058,425,Pratyush Kashyap,65,2,0
1059,457,Bimala Ramaswamy,67,1,0
1060,981,Irya Nadig,10,1,0
1061,557,Michael More,56,1,0
1062,903,Liam Nath,60,2,0
1063,330,Anthony Dutta,50,1,1
1064,997,Pratyush Sankar,64,2,1
1065,869,Manbir Atwal,30,1,1
1066,752,Urmi Khurana,57,1,0
1067,57,Tanish Oommen,29,1,1
1068,840,Diya Jani,57,1,0
1069,277,Eta Devan,8,1,1
1070,581,Xalak Jha,26,1,0
1071,296,Tristan Shere,68,2,1
1072,430,Max Handa,70,2,1
1073,29,Vedika Khalsa,59,2,0
1074,382,Yashvi Bala,86,1,1
1075,695,Leela Mammen,28,2,0
1076,757,Radhika Sibal,74,1,1
1077,614,Abhiram Lall,69,1,1
1078,538,Advika Raval,33,1,0
1079,77,Anmol Sami,87,2,0
1080,45,Aashi Sankaran,6,2,1
1081,335,Advay Sandhu,52,1,1
1082,961,Kashvi Prakash,67,1,0
1083,244,Vasudha Chaudhry,78,1,0
1084,874,Jagrati Sha,73,1,0
1085,449,Oeshi Vasa,64,2,0
1086,364,Gaurangi Varkey,88,2,1
1087,91,Osha Khanna,78,2,1
1088,757,Ansh Minhas,24,1,0
1089,413,Raagini Trivedi,53,1,0
1090,289,Jonathan Bassi,69,1,0
1091,233,Jason Dhar,77,2,1
1092,985,Unnati Bhatnagar,45,2,0
1093,709,Widisha Taneja,46,2,1
1094,966,Chatura Ramesh,12,1,1
1095,364,Ryan Rao,54,1,0
1096,957,Upma Dyal,53,2,1
1097,16,Ethan Sarraf,79,2,0
1098,227,Warjas Kant,77,1,1
1099,682,Atharv Suresh,58,2,1
1100,151,Xavier Sundaram,10,2,1
1101,272,Shaurya Kurian,66,2,1
1102,26,Yahvi Srinivas,16,1,0
1103,594,Niharika Sood,57,1,1
1104,332,Ojasvi Wali,59,1,0
1105,592,Bina Chacko,13,2,0
1106,653,Pallavi Mitra,62,1,1
1107,91,Yasti Narayan,15,2,1
1108,31,Utkarsh Patel,77,1,1
1109,855,Ishani Mall,84,2,0
1110,736,Harita Apte,90,1,1
1111,572,Ubika Chopra,82,2,1
1112,525,Samuel Issac,62,2,0
1113,586,Aryan Dani,40,1,0
1114,549,Manthan Biswas,29,2,1
1115,815,Oscar Sundaram,25,1,0
1116,655,Chandresh Ramachandran,53,1,1
1117,393,Zashil Lala,17,2,0
1118,442,Jairaj Atwal,31,2,1
1119,990,Vansha D’Alia,85,2,1
1120,701,Ekanta Sama,89,2,1
1121,876,Ekansh Mani,31,1,1
1122,238,Gautam Dutt,59,2,1
1123,762,Girindra Sachdeva,68,1,1
1124,587,Upasna Sachar,37,2,1
1125,297,Jalsa Mannan,36,1,1
1126,323,Abdul Gandhi,30,2,0
1127,911,Advik Mishra,70,2,0
1128,289,Chavvi Sunder,60,1,1
1129,685,Gaurika Gopal,72,2,0
1130,907,Yutika Saraf,46,2,1
1131,565,Lucky Sarin,87,1,0
1132,455,Patrick Sani,60,1,0
1133,574,Siddharth Narayanan,76,2,0
1134,731,Chanakya Deol,17,1,1
1135,670,Lipika Viswanathan,65,1,1
1136,412,Nimrat Tak,17,1,0
1137,929,Ishaan Chaudhari,81,1,1
1138,175,Ladli Lad,15,2,0
1139,294,Yauvani Lala,86,2,0
1140,816,Aadi Din,49,1,1
1141,197,Chanakya Nayak,80,1,1
1142,992,Qadim Dey,19,2,0
1143,857,Krishna Bhakta,32,2,0
1144,76,Rehaan Halder,38,1,0
1145,367,Amrita Mody,13,1,0
1146,630,Gaurangi Kaul,56,2,1
1147,749,Alka Baral,30,1,1
1148,552,Logan Khatri,84,2,1
1149,45,Patrick Narang,51,1,0
1150,1,Rachita Mammen,36,2,0
1151,677,Ronith Lanka,17,2,1
1152,738,Ekaja Jani,17,2,0
1153,782,Orinder Hayer,24,2,0
1154,160,Dayita Sunder,21,2,0
1155,196,Ishwar Sawhney,75,2,0
1156,418,Sachi Rau,37,2,1
1157,253,David Venkatesh,43,2,1
1158,292,Omkaar Brar,60,2,0
1159,5,Harinakshi Sodhi,28,1,0
1160,38,Hritik Tandon,75,2,0
1161,95,Oni Naidu,27,2,0
1162,985,Vyanjana Pal,78,1,1
1163,499,Vasatika Dave,5,2,1
1164,496,Yatan Tandon,68,2,1
1165,190,Karan Kalita,72,2,1
1166,834,Onveer Sem,21,1,1
1167,792,Sneha Mani,51,2,0
1168,922,Urvi Sachar,5,2,1
1169,77,Jasmit Goda,51,2,0
1170,323,Mohammed Divan,31,1,0
1171,70,Qushi Din,6,2,1
1172,178,Rajeshri Wable,31,1,1
1173,285,Ladli Karpe,6,2,0
1174,473,Matthew Arora,62,1,0
1175,893,Yamini Nagy,58,2,0
1176,718,Andrew Ram,10,1,0
1177,958,Aadi Dalal,14,2,1
1178,172,Diya Johal,50,1,1
1179,565,Quincy Brahmbhatt,20,2,0
1180,363,Ikbal Sampath,84,1,0
1181,27,Qasim Magar,21,2,1
1182,930,Advika Chatterjee,13,1,0
1183,358,Gaurav Sheth,89,1,1
1184,988,Ekansh Kara,56,1,0
1185,890,Ekbal Nagar,22,1,1
1186,10,Nimrat Choudhury,36,1,0
1187,960,Jagat Chokshi,38,2,1
1188,531,Zaid Chopra,81,2,1
1189,105,Chaman Nair,35,2,0
1190,968,Sachi Sibal,68,1,1
1191,376,Krish Sundaram,90,2,0
1192,169,Mekhala Bhargava,9,2,0
1193,957,Darika Shanker,7,1,0
1194,747,Vaishnavi Magar,88,1,1
1195,94,Warinder Nayar,31,1,1
1196,744,Aadhya Rai,39,2,1
1197,721,Yatan Batra,63,1,0
1198,623,Oscar Mistry,84,2,1
1199,743,Hritik Grover,51,2,1
1200,353,Timothy Chatterjee,27,2,0
